{
  "doctors": [
    {
      "name": "دکتر ساره شاه وردی",
      "specialty": "پزشک متخصص اطفال",
      "description": "پزشک متخصص اطفال",
      "licenseNumber": "157443",
      "address": "بیمارستان سردار سلیمانی",
      "workingHours": "یکشنبه ها 10-14",
      "phones": ["46149171"],
      "image": "👶",
      "rating": 4.7,
      "isFeatured": false
    },
    {
      "name": "دکتر صدیقه نیک بخت",
      "specialty": "پزشک متخصص اطفال",
      "description": "پزشک متخصص اطفال",
      "licenseNumber": "104269",
      "address": "ساختمان مهدیه - م سرقنات - بلوار امام خمینی - کوچه حبیبی - جنب داروخانه رستمی - ط4",
      "workingHours": "دوشنبه ساعت 16 تا 20",
      "phones": ["46883955"],
      "image": "👶",
      "rating": 4.6,
      "isFeatured": false
    },
    {
      "name": "دکتر فرخ حاجبی",
      "specialty": "پزشک متخصص اطفال",
      "description": "پزشک متخصص اطفال",
      "licenseNumber": "15506",
      "address": "خیابان آزادی،کوچه شهید سرکانی، ساختمان پزشکان حاجبی،پ23",
      "workingHours": "هر روز به جز پنجشنبه ها صبح: 11 تا 13 عصر",
      "phones": ["46878436"],
      "image": "👶",
      "rating": 4.8,
      "isFeatured": false
    },
    {
      "name": "دکتر هومن آهنگر",
      "specialty": "پزشک متخصص اطفال",
      "description": "پزشک متخصص اطفال",
      "licenseNumber": "51344",
      "address": "سرقنات،خیابان آزادی،روبروی مخابرات، کوچه شهید محمودی آدرس دوم: بیمارستان 12 بهمن",
      "workingHours": "شنبه ها ساعت 17 / 12 بهمن 4شنبه ها 8 الی 12",
      "phones": ["46887086"],
      "image": "👶",
      "rating": 4.7,
      "isFeatured": false
    },
    {
      "name": "دکتر زهرا رحیم لو",
      "specialty": "پزشک متخصص اطفال",
      "description": "پزشک متخصص اطفال",
      "licenseNumber": "156106",
      "address": "بیمارستان سردار سلیمانی",
      "workingHours": "دوشنبه ها ساعت 10 - 12",
      "phones": ["46149171"],
      "image": "👶",
      "rating": 4.6,
      "isFeatured": false
    },
    {
      "name": "دکتر محمد طاهری",
      "specialty": "پزشک متخصص اطفال",
      "description": "پزشک متخصص اطفال",
      "licenseNumber": "44549",
      "address": "خ امام - نبش خ عمارت طبقه فوقانی صندوق آدرس دوم: بیمارستان 12 بهمن",
      "workingHours": "12 بهمن دوشنبه و سه شنبه صبح ها 8-13",
      "phones": ["46849890"],
      "image": "👶",
      "rating": 4.7,
      "isFeatured": false
    },
    {
      "name": "دکتر سعید رحیمی",
      "specialty": "پزشک متخصص اطفال",
      "description": "پزشک متخصص اطفال",
      "licenseNumber": "28654",
      "address": "میدان قدس - مجموعه زندگی ط دوم",
      "workingHours": "صبح 10:30 تا 14 عصر 15:30 تا 21:30",
      "phones": ["46883470"],
      "image": "👶",
      "rating": 4.8,
      "isFeatured": false
    },
    {
      "name": "دکتر محمود محمدی",
      "specialty": "پزشک متخصص اطفال",
      "description": "پزشک متخصص اطفال",
      "licenseNumber": "44625",
      "address": "بیمارستان 12 بهمن",
      "workingHours": "چهارشنبه ها 8-13",
      "phones": ["46848101"],
      "image": "👶",
      "rating": 4.6,
      "isFeatured": false
    },
    {
      "name": "دکتر منصور بهپور",
      "specialty": "پزشک متخصص اطفال",
      "description": "پزشک متخصص اطفال",
      "licenseNumber": "41620",
      "address": "بیمارستان 12 بهمن",
      "workingHours": "یکشنبه ها ساعت 8-13",
      "phones": ["46848101"],
      "image": "👶",
      "rating": 4.7,
      "isFeatured": false
    },
    {
      "name": "دکتر نادر خاکی صدیق",
      "specialty": "پزشک متخصص اطفال",
      "description": "پزشک متخصص اطفال",
      "licenseNumber": "29216",
      "address": "درمانگاه لادن",
      "workingHours": "یکشنبه و سه شنبه",
      "phones": ["46883955"],
      "image": "👶",
      "rating": 4.5,
      "isFeatured": false
    },
    {
      "name": "دکتر مریم راهنمای بشم",
      "specialty": "پزشک متخصص اطفال",
      "description": "پزشک متخصص اطفال",
      "licenseNumber": "175115",
      "address": "قدس بیمارستان شهید سردار سلیمانی",
      "workingHours": "سه شنبه ها 10-12",
      "phones": ["02145942"],
      "image": "👶",
      "rating": 4.6,
      "isFeatured": false
    },
    {
      "name": "دکتر مرضیه دارابی",
      "specialty": "پزشک متخصص اطفال",
      "description": "پزشک متخصص اطفال",
      "licenseNumber": "149374",
      "address": "قدس بیمارستان شهید سردار سلیمانی",
      "workingHours": "دوشنبه ها ساعت 11",
      "phones": ["46149171"],
      "image": "👶",
      "rating": 4.7,
      "isFeatured": false
    },
    {
      "name": "دکتر نرگس خانبانها",
      "specialty": "پزشک متخصص اطفال",
      "description": "پزشک متخصص اطفال",
      "licenseNumber": "185492",
      "address": "قدس - بیمارستان سردار سلیمانی",
      "workingHours": "یکشنبه ها 10-12",
      "phones": ["46149171"],
      "image": "👶",
      "rating": 4.8,
      "isFeatured": false
    },
    {
      "name": "دکتر بهروز بیدانی",
      "specialty": "پزشک متخصص اطفال",
      "description": "پزشک متخصص اطفال",
      "licenseNumber": "89438",
      "address": "قدس خ انقلاب نبش میدان قدس پلاک 4 طبقه -1",
      "workingHours": "یکشنبه و سه شنبه 16-20",
      "phones": ["46826713"],
      "image": "👶",
      "rating": 4.6,
      "isFeatured": false
    },
    {
      "name": "دکتر شیما بهشتی زواره",
      "specialty": "پزشک متخصص اطفال",
      "description": "پزشک متخصص اطفال",
      "licenseNumber": "138997",
      "address": "قدس - بیمارستان سردار سلیمانی",
      "workingHours": "شنبه و دوشنبه 8-10",
      "phones": ["46149171"],
      "image": "👶",
      "rating": 4.7,
      "isFeatured": false
    },
    {
      "name": "دکتر شیما محمدیان",
      "specialty": "پزشک متخصص اطفال",
      "description": "پزشک متخصص اطفال",
      "licenseNumber": "135207",
      "address": "قدس شهرقدس، بمیدان سرقنات جنب ازمایشگاه زارع",
      "workingHours": "شنبه تا چهارشنبه 16-19",
      "phones": ["46852040"],
      "image": "👶",
      "rating": 4.8,
      "isFeatured": false
    }
  ]
}

