{
  "doctors": [
    {
      "name": "دکتر آزاده رستگار",
      "specialty": "پزشک متخصص زنان",
      "description": "پزشک متخصص زنان",
      "licenseNumber": "132811",
      "address": "م سرقنات -بلوار امام خمینی ک رضا قلی ساختمان فلورانس",
      "workingHours": "روز های زوج 16 تا 20",
      "phones": ["46826926"],
      "image": "👩‍⚕️",
      "rating": 4.7,
      "isFeatured": false
    },
    {
      "name": "دکتر سمیه سالکی",
      "specialty": "پزشک متخصص زنان",
      "description": "پزشک متخصص زنان",
      "licenseNumber": "119828",
      "address": "م سرقنات -بلوار امام خمینی ک رضا قلی ساختمان فلورانس",
      "workingHours": "یکشنبه ساعت 11 تا 14",
      "phones": ["46826926"],
      "image": "👩‍⚕️",
      "rating": 4.6,
      "isFeatured": false
    },
    {
      "name": "دکتر مریم واشقانی فراهانی",
      "specialty": "پزشک متخصص زنان",
      "description": "پزشک متخصص زنان",
      "licenseNumber": "145984",
      "address": "بلوار امام خمینی - ساختمان فاخر - پلاک 23 - واحد 2 | آدرس دوم: میدان قدس ساختمان یاس قبل از مسجد جامع ط سوم",
      "workingHours": "شنبه و دوشنبه 16 تا20",
      "phones": ["46071665"],
      "image": "👩‍⚕️",
      "rating": 4.8,
      "isFeatured": false
    },
    {
      "name": "دکتر فهیمه تاجیک",
      "specialty": "پزشک متخصص زنان",
      "description": "پزشک متخصص زنان",
      "licenseNumber": "27786",
      "address": "م سرقنات - کوچه شهید جریده - روبروی پاساژ المهدی",
      "workingHours": "(یکشنبه و سه شنبه 15 تا 18) (پنجشنبه 9 تا 12)",
      "phones": ["46857939"],
      "image": "👩‍⚕️",
      "rating": 4.5,
      "isFeatured": false
    },
    {
      "name": "دکتر صفیه عشوری مقدم",
      "specialty": "پزشک متخصص زنان",
      "description": "پزشک متخصص زنان",
      "licenseNumber": "65044",
      "address": "ساختمان پزشکان مهدیه",
      "workingHours": "روز های زوج از ساعت 17-21",
      "phones": ["46816280"],
      "image": "👩‍⚕️",
      "rating": 4.6,
      "isFeatured": false
    },
    {
      "name": "دکتر مینا رشید پورایی",
      "specialty": "پزشک متخصص زنان",
      "description": "پزشک متخصص زنان",
      "licenseNumber": "65593",
      "address": "شهرقدس-بلوار امام خمینی- جنب بانک ملی مرکزی-نبش کوچه حبیبی-ساختمان پزشکان مهدیه-پلاک 257-طبقه اول",
      "workingHours": "روز های زوج از 16-20",
      "phones": ["46852970"],
      "image": "👩‍⚕️",
      "rating": 4.7,
      "isFeatured": false
    },
    {
      "name": "دکتر اکرم میرزا مرادی",
      "specialty": "پزشک متخصص زنان",
      "description": "پزشک متخصص زنان",
      "licenseNumber": "51748",
      "address": "بیمارستان 12 بهمن بلوار مصلی",
      "workingHours": "شنبه و یکشنبه عصر و دوشنبه و چهارشنبه صبح",
      "phones": ["46848101"],
      "image": "👩‍⚕️",
      "rating": 4.8,
      "isFeatured": false
    },
    {
      "name": "دکتر بهناز قاضی سعیدی",
      "specialty": "پزشک متخصص زنان",
      "description": "پزشک متخصص زنان",
      "licenseNumber": "134212",
      "address": "بیمارستان 12 بهمن بلوار مصلی",
      "workingHours": "دوشنبه ها چهارشنبه ساعت 9-12",
      "phones": ["46848101"],
      "image": "👩‍⚕️",
      "rating": 4.6,
      "isFeatured": false
    },
    {
      "name": "دکتر سارا نجات اسلامی فر",
      "specialty": "پزشک متخصص زنان",
      "description": "پزشک متخصص زنان",
      "licenseNumber": "135388",
      "address": "بیمارستان 12 بهمن بلوار مصلی",
      "workingHours": "چهارشنبه ها ساعت 9-13",
      "phones": ["46848101"],
      "image": "👩‍⚕️",
      "rating": 4.7,
      "isFeatured": false
    },
    {
      "name": "دکتر شعله خادم عباسی",
      "specialty": "پزشک متخصص زنان",
      "description": "پزشک متخصص زنان",
      "licenseNumber": "124937",
      "address": "بیمارستان 12 بهمن بلوار مصلی",
      "workingHours": "یکشنبه و سه شنبه ها ساعت 9-12",
      "phones": ["46848101"],
      "image": "👩‍⚕️",
      "rating": 4.5,
      "isFeatured": false
    },
    {
      "name": "دکتر ریحانه صالحی",
      "specialty": "پزشک متخصص زنان",
      "description": "پزشک متخصص زنان",
      "licenseNumber": "123041",
      "address": "درمانگاه لادن بلوار مصلی",
      "workingHours": "دوشنبه و پنجشنبه ساعت: 11 تا15",
      "phones": ["46883955"],
      "image": "👩‍⚕️",
      "rating": 4.6,
      "isFeatured": false
    },
    {
      "name": "دکتر هدی سادات اعتماد زاده",
      "specialty": "پزشک متخصص زنان",
      "description": "پزشک متخصص زنان",
      "licenseNumber": "131809",
      "address": "قدس - بیمارستان سردار سلیمانی",
      "workingHours": "یکشنبه ها 10-12",
      "phones": ["46149171"],
      "image": "👩‍⚕️",
      "rating": 4.7,
      "isFeatured": false
    },
    {
      "name": "دکتر ریتا عمادی",
      "specialty": "پزشک متخصص زنان",
      "description": "پزشک متخصص زنان",
      "licenseNumber": "73577",
      "address": "بین میدان قدس و سرقنات - جنب بانک کشاورزی درمانگاه شبانه روزی به افرید/ سردار سلیمانی",
      "workingHours": "شنبه و دوشنبه 10-12 سردار سلیمانی",
      "phones": ["46839075"],
      "image": "👩‍⚕️",
      "rating": 4.6,
      "isFeatured": false
    },
    {
      "name": "دکتر صفاء العسیری",
      "specialty": "پزشک متخصص زنان",
      "description": "پزشک متخصص زنان",
      "licenseNumber": "193443",
      "address": "میدان آزادی،ابتدای خ شهید عالمی.ساختمان پزشکان ماهان.طبقه اول.واحد3",
      "workingHours": "روز های زوج از ساعت 11 الی 14",
      "phones": ["46831712"],
      "image": "👩‍⚕️",
      "rating": 4.5,
      "isFeatured": false
    },
    {
      "name": "دکتر نیلوفر سرچمی",
      "specialty": "پزشک متخصص زنان",
      "description": "پزشک متخصص زنان",
      "licenseNumber": "149371",
      "address": "شهرقدس بلوار مصلی رو به روی بیمارستان دوازده بهمن ساختمان پزشکان دی طبقه ی چهارم",
      "workingHours": "دوشنبه و پنجشنبه ساعت 14 الی 18",
      "phones": ["46887208"],
      "image": "👩‍⚕️",
      "rating": 4.7,
      "isFeatured": false
    },
    {
      "name": "دکتر نرگس نجف پور",
      "specialty": "پزشک متخصص زنان",
      "description": "پزشک متخصص زنان",
      "licenseNumber": "145682",
      "address": "شهر قدس محله امامزاده خیابان مدافعین حرم خیابان ستاری (بیمارستان سردارسلیمانی)",
      "workingHours": "روز های چهارشنبه",
      "phones": ["46149171"],
      "image": "👩‍⚕️",
      "rating": 4.6,
      "isFeatured": false
    },
    {
      "name": "دکتر سحر آب روشن",
      "specialty": "پزشک متخصص زنان",
      "description": "پزشک متخصص زنان",
      "licenseNumber": "96808",
      "address": "قدس.بیمارستان سردار سلیمانی",
      "workingHours": "یکشنبه و دوشنبه صبح ها 10-13",
      "phones": ["46149171"],
      "image": "👩‍⚕️",
      "rating": 4.7,
      "isFeatured": false
    },
    {
      "name": "دکتر ازاده شریعتی فر",
      "specialty": "پزشک متخصص زنان",
      "description": "پزشک متخصص زنان",
      "licenseNumber": "157201",
      "address": "قدس-میدان مصلی - بیمارستان 12 بهمن",
      "workingHours": "14 به بعد",
      "phones": ["46848101"],
      "image": "👩‍⚕️",
      "rating": 4.6,
      "isFeatured": false
    },
    {
      "name": "دکتر زهرا جهانی سنگده",
      "specialty": "پزشک متخصص زنان",
      "description": "پزشک متخصص زنان",
      "licenseNumber": "143301",
      "address": "قدس شهر قدس-بلوار امامزاده-بعد از آموزشگاه شهید مطهری-بیمارستان شهید سردار سلیمانی",
      "workingHours": "شنبه و یکشنبه 10-13",
      "phones": ["45942"],
      "image": "👩‍⚕️",
      "rating": 4.5,
      "isFeatured": false
    },
    {
      "name": "دکتر فاطمه هوشمندپور",
      "specialty": "پزشک متخصص زنان",
      "description": "پزشک متخصص زنان",
      "licenseNumber": "150134",
      "address": "قدس - بیمارستان سردار سلیمانی",
      "workingHours": "سه شنبه ها 10-12",
      "phones": ["46149171"],
      "image": "👩‍⚕️",
      "rating": 4.7,
      "isFeatured": false
    },
    {
      "name": "دکتر شیوا هورشاد",
      "specialty": "پزشک متخصص زنان",
      "description": "پزشک متخصص زنان",
      "licenseNumber": "141867",
      "address": "قدس - بیمارستان 12 بهمن",
      "workingHours": "سه شنبه ها صبح ها",
      "phones": ["46848101"],
      "image": "👩‍⚕️",
      "rating": 4.6,
      "isFeatured": false
    },
    {
      "name": "دکتر مریم داد خواه",
      "specialty": "پزشک متخصص زنان",
      "description": "پزشک متخصص زنان",
      "licenseNumber": "137836",
      "address": "قدس- میدان مصلی - بیمارستان 12 بهمن",
      "workingHours": "یکشنبه دو شنبه 8-13",
      "phones": ["46848101"],
      "image": "👩‍⚕️",
      "rating": 4.7,
      "isFeatured": false
    },
    {
      "name": "دکتر سیده مهدیه روحانی",
      "specialty": "پزشک متخصص زنان",
      "description": "پزشک متخصص زنان",
      "licenseNumber": "124936",
      "address": "قدس بیمارستان سردار سلیمانی",
      "workingHours": "سه شنبه ها 8-14",
      "phones": ["46149171"],
      "image": "👩‍⚕️",
      "rating": 4.8,
      "isFeatured": false
    },
    {
      "name": "دکتر فاطمه اسکندری",
      "specialty": "پزشک متخصص زنان",
      "description": "پزشک متخصص زنان",
      "licenseNumber": "50687",
      "address": "قدس میدان سرقنات،ساختمان محمدی، طبقه چهارم واحد ۱۶",
      "workingHours": "شنبه تا چهارشنبه 16-19",
      "phones": [],
      "image": "👩‍⚕️",
      "rating": 4.5,
      "isFeatured": false
    },
    {
      "name": "دکتر زهره شریف نسب",
      "specialty": "پزشک متخصص زنان",
      "description": "پزشک متخصص زنان",
      "licenseNumber": "46532",
      "address": "شهر قدس بلوار مصلی بیمارستان 12 بهمن",
      "workingHours": "چهارشنبه ها ساعت 8-13",
      "phones": ["46848101"],
      "image": "👩‍⚕️",
      "rating": 4.6,
      "isFeatured": false
    },
    {
      "name": "دکتر رقیه فلاح",
      "specialty": "پزشک متخصص زنان",
      "description": "پزشک متخصص زنان",
      "licenseNumber": "۱۳۸۰۹۸",
      "address": "قدس ۴۵ متری انقلاب- روبروی پارک آزادگان- نبش خیابان مصلی- جنب تامین اجتماعی- پلاک ۴۰۰- طبقه ۱- واحد ۱",
      "workingHours": "شنبه ها ۱۰-۱۳",
      "phones": ["۴۶۸۵۲۰۴۰"],
      "image": "👩‍⚕️",
      "rating": 4.7,
      "isFeatured": false
    },
    {
      "name": "دکتر لیلا عزیزی",
      "specialty": "پزشک متخصص زنان",
      "description": "پزشک متخصص زنان",
      "licenseNumber": "106180",
      "address": "شهر قدس بلوار امام خمینی ابتدای کوچه شهیده قره (کافی) پلاک 1 واحد 1/ شهر قدس میدان ولیعصر بیست متری ولیعصر نبش کوچه لاله درمانگاه یاران",
      "workingHours": "درمانگاه یاران ( روز های شنبه) / بلوار امام خمینی (یکشنبه و پنجشنبه)",
      "phones": ["46855008", "46859764"],
      "image": "👩‍⚕️",
      "rating": 4.8,
      "isFeatured": false
    }
  ]
}

