{
  "doctors": [
    {
      "name": "دکتر محمد رضا خیر خواه",
      "specialty": "پزشک متخصص داخلی",
      "description": "پزشک متخصص داخلی",
      "licenseNumber": "24180",
      "address": "مجتمع صبا: سرقنات - خیابان امام - روبروی بانک ملی مرکزی نبش کوچه صبا | آدرس: 12 بهمن",
      "workingHours": "مجتمع صبا: شنبه تا چهارشنبه ساعت 16:30 تا 19",
      "phones": ["46803421"],
      "image": "💊",
      "rating": 4.8,
      "isFeatured": false
    },
    {
      "name": "دکتر نوید روشن ضمیر",
      "specialty": "پزشک متخصص داخلی",
      "description": "پزشک متخصص داخلی",
      "licenseNumber": "126275",
      "address": "م سرقنات - بلوار امام خمینی - کوچه حبیبی جنب داروخانه رستمی - ساختمان مهدیه - ط 4",
      "workingHours": "",
      "phones": ["46803421"],
      "image": "💊",
      "rating": 4.7,
      "isFeatured": false
    },
    {
      "name": "دکتر فاطمه کاظمی جهرمی",
      "specialty": "پزشک متخصص داخلی",
      "description": "پزشک متخصص داخلی",
      "licenseNumber": "114359",
      "address": "بلوار مصلی روبه روی بیمارستان 12 بهمن مجتمع پزشکان دی",
      "workingHours": "شنبه تا چهارشنبه از ساعت 16-20",
      "phones": ["46887206"],
      "image": "💊",
      "rating": 4.6,
      "isFeatured": false
    },
    {
      "name": "دکتر عباس ذوالفقاری",
      "specialty": "پزشک متخصص داخلی",
      "description": "پزشک متخصص داخلی",
      "licenseNumber": "89498",
      "address": "قدس بمیدان سرقنات ساختمان مهدیه طبقه 3",
      "workingHours": "شنبه تا پنج شنبه 14-20",
      "phones": ["46872181"],
      "image": "💊",
      "rating": 4.7,
      "isFeatured": false
    },
    {
      "name": "دکتر علیرضا کاظمی نوده",
      "specialty": "پزشک متخصص داخلی",
      "description": "پزشک متخصص داخلی",
      "licenseNumber": "92046",
      "address": "قدس شهر قدس- انتهای شهید عالمی- روبروی ایستگاه تاکسی- ساختمان عمارت",
      "workingHours": "",
      "phones": ["46873987"],
      "image": "💊",
      "rating": 4.6,
      "isFeatured": false
    },
    {
      "name": "دکتر مهسا ستوده",
      "specialty": "پزشک متخصص داخلی",
      "description": "پزشک متخصص داخلی",
      "licenseNumber": "133500",
      "address": "سرقنات - جنب ازمایشگاه زارع",
      "workingHours": "",
      "phones": ["46841802", "46855008"],
      "image": "💊",
      "rating": 4.8,
      "isFeatured": false
    },
    {
      "name": "دکتر عباس غلامی",
      "specialty": "پزشک متخصص داخلی",
      "description": "پزشک متخصص داخلی",
      "licenseNumber": "101976",
      "address": "م سرقنات - بلوار امام خمینی - کوچه حبیبی جنب داروخانه رستمی - ساختمان مهدیه - ط3",
      "workingHours": "هر روز ساعت 17-20",
      "phones": ["46883955", "46803421"],
      "image": "💊",
      "rating": 4.7,
      "isFeatured": false
    },
    {
      "name": "دکتر مرجان قاسمی",
      "specialty": "پزشک متخصص داخلی",
      "description": "پزشک متخصص داخلی",
      "licenseNumber": "145740",
      "address": "میدان سرقنات - ساختمان پزشکان ماهان-طبقه سوم",
      "workingHours": "یکشنبه، دوشنبه، چهارشنبه ساعت 15 تا 20",
      "phones": [],
      "image": "💊",
      "rating": 4.6,
      "isFeatured": false
    },
    {
      "name": "دکتر شقایق کشاورز مقدم",
      "specialty": "پزشک متخصص داخلی",
      "description": "پزشک متخصص داخلی",
      "licenseNumber": "146059",
      "address": "میدان سرقنات - ساختمان پزشکان ماهان-طبقه سوم",
      "workingHours": "یکشنبه و چهارشنبه ساعت 17 تا 20",
      "phones": ["46843458"],
      "image": "💊",
      "rating": 4.7,
      "isFeatured": false
    },
    {
      "name": "دکتر حمید گوهری فر",
      "specialty": "پزشک متخصص داخلی",
      "description": "پزشک متخصص داخلی",
      "licenseNumber": "76413",
      "address": "درمانگاه به آفرید: بلوار انقلاب،بلوار امام خمینی",
      "workingHours": "",
      "phones": ["88622473"],
      "image": "💊",
      "rating": 4.5,
      "isFeatured": false
    },
    {
      "name": "دکتر مهدی ابراهیمی",
      "specialty": "پزشک متخصص داخلی",
      "description": "پزشک متخصص داخلی",
      "licenseNumber": "62376",
      "address": "قدس شهرقدس- خیابان امامزاده- پلاک 38 بیمارستان سردار سلیمانی",
      "workingHours": "",
      "phones": ["45942"],
      "image": "💊",
      "rating": 4.6,
      "isFeatured": false
    },
    {
      "name": "دکتر شیلا افشاریان",
      "specialty": "پزشک متخصص داخلی",
      "description": "پزشک متخصص داخلی",
      "licenseNumber": "85767",
      "address": "قدس بلوار امام خمینی، کوچه حبیبی، ساختمان پزشکان مهدیه",
      "workingHours": "",
      "phones": ["46883099"],
      "image": "💊",
      "rating": 4.7,
      "isFeatured": false
    },
    {
      "name": "دکتر احسان پارسا",
      "specialty": "پزشک متخصص داخلی",
      "description": "پزشک متخصص داخلی",
      "licenseNumber": "148207",
      "address": "امام زاده خیابان مدافعین حرم خیابان ستاری 45 متری انقلاب-بلوار مصلی روبروی بیماریتان 12 بهمن مرکز دیالیز نرگس",
      "workingHours": "",
      "phones": ["4814704"],
      "image": "💊",
      "rating": 4.8,
      "isFeatured": false
    },
    {
      "name": "دکتر نیلوفر جوهری",
      "specialty": "پزشک متخصص داخلی",
      "description": "پزشک متخصص داخلی",
      "licenseNumber": "162332",
      "address": "شهر قدس بیمارستان سردار سلیمانی",
      "workingHours": "",
      "phones": ["02145942"],
      "image": "💊",
      "rating": 4.6,
      "isFeatured": false
    },
    {
      "name": "دکتر علی جباری",
      "specialty": "پزشک متخصص داخلی",
      "description": "پزشک متخصص داخلی",
      "licenseNumber": "38105",
      "address": "بلوار انقلاب کوچه بستنی نعمت",
      "workingHours": "",
      "phones": ["46821818"],
      "image": "💊",
      "rating": 4.7,
      "isFeatured": false
    },
    {
      "name": "دکتر نوید کاشانی راد",
      "specialty": "پزشک متخصص داخلی",
      "description": "پزشک متخصص داخلی",
      "licenseNumber": "48442",
      "address": "قدس درمانگاه برزویه بلوار کلهر بلوار امام خمینی",
      "workingHours": "",
      "phones": ["46820020"],
      "image": "💊",
      "rating": 4.6,
      "isFeatured": false
    },
    {
      "name": "دکتر فاطمه محمدی ملاسرائی",
      "specialty": "پزشک متخصص داخلی",
      "description": "پزشک متخصص داخلی",
      "licenseNumber": "15694",
      "address": "بیمارستان 12 بهمن شهر قدس",
      "workingHours": "چهارشنبه و پنج شنبه صبح ها",
      "phones": ["46848101"],
      "image": "💊",
      "rating": 4.8,
      "isFeatured": false
    }
  ]
}

