{
  "doctors": [
    {
      "name": "دکتر پریسا صیامی",
      "specialty": "ماما",
      "description": "ماما",
      "licenseNumber": "48002",
      "address": "روبروی مصلی - خیابان جوادالائمه ساختمان پزشکان آنا طبقه سوم",
      "workingHours": "شنبه و سه شنبه عصر 15 تا 19",
      "phones": ["46864292"],
      "image": "🤱",
      "rating": 4.7,
      "isFeatured": false
    },
    {
      "name": "دکتر حوریه رجبی",
      "specialty": "ماما",
      "description": "ماما",
      "licenseNumber": "5511",
      "address": "نرسیده به چهارراه گودرزی - ک پردیس نبش پاکان",
      "workingHours": "هر روز فرد: 11 تا 13 زوج: 16 تا 19",
      "phones": ["46834547"],
      "image": "🤱",
      "rating": 4.6,
      "isFeatured": false
    },
    {
      "name": "دکتر رومینا کمالی",
      "specialty": "ماما",
      "description": "ماما",
      "licenseNumber": "66015",
      "address": "درمانگاه مهرشاد قدس،شورای جنوبی،بلوار شهدا،خ. سجاد،خ. استقلال",
      "workingHours": "روز های فرد ساعت 14 تا 19",
      "phones": ["46836138"],
      "image": "🤱",
      "rating": 4.8,
      "isFeatured": false
    },
    {
      "name": "دکتر زیبا تیموری",
      "specialty": "ماما",
      "description": "ماما",
      "licenseNumber": "32940",
      "address": "میدان قدس - درمانگاه 13 رجب",
      "workingHours": "عصر روز های زوج",
      "phones": ["46826713"],
      "image": "🤱",
      "rating": 4.5,
      "isFeatured": false
    },
    {
      "name": "دکتر سحر امامقلی",
      "specialty": "ماما",
      "description": "ماما",
      "licenseNumber": "م-37009",
      "address": "ابتدای طالقانی - ساختمان مهسان",
      "workingHours": "هر روز ساعت 16:30 تا 20:30",
      "phones": ["46894112"],
      "image": "🤱",
      "rating": 4.7,
      "isFeatured": false
    },
    {
      "name": "دکتر فاطمه دمندان",
      "specialty": "ماما",
      "description": "ماما",
      "licenseNumber": "31242",
      "address": "بعد از خ سجاد - سمت راست میدان - بن بست کنار عینک چشمک (زبان کلام بیان)",
      "workingHours": "شنبه،یکشنبه، دوشنبه ساعت 16 تا 18",
      "phones": ["46850615"],
      "image": "🤱",
      "rating": 4.6,
      "isFeatured": false
    },
    {
      "name": "دکتر مریم احمدی یزدی",
      "specialty": "ماما",
      "description": "ماما",
      "licenseNumber": "3793",
      "address": "میدان مصلی روبروی درمانگاه لادن",
      "workingHours": "هر روز ساعت 16 تا 20",
      "phones": ["46881328"],
      "image": "🤱",
      "rating": 4.8,
      "isFeatured": false
    },
    {
      "name": "دکتر ملیحه لطفی لو",
      "specialty": "ماما",
      "description": "ماما",
      "licenseNumber": "36208",
      "address": "م سرقنات - ک شهید جریده - بالای عینک سازی نگین طبقه اول",
      "workingHours": "هر روز ساعت 17 تا 20:30",
      "phones": ["46820233"],
      "image": "🤱",
      "rating": 4.7,
      "isFeatured": false
    },
    {
      "name": "دکتر نادیا دروند",
      "specialty": "ماما",
      "description": "ماما",
      "licenseNumber": "62474",
      "address": "م سرقنات - ساختمان سلامت",
      "workingHours": "پنجنشبه ها ساعت 18 تا 20:30 اکثرا روزهای فرد",
      "phones": [],
      "image": "🤱",
      "rating": 4.5,
      "isFeatured": false
    },
    {
      "name": "دکتر ندا اکباتانی",
      "specialty": "ماما",
      "description": "ماما",
      "licenseNumber": "17934",
      "address": "خیابان عالمی-سه راه قدس-روبروی داروخانه میر جانی-ساختمان تبریزی پلاک 104 - طبقه اول- واحد دو",
      "workingHours": "هر روز ساعت 16 تا 20",
      "phones": ["46814594"],
      "image": "🤱",
      "rating": 4.6,
      "isFeatured": false
    },
    {
      "name": "دکتر رویا نبی زاده",
      "specialty": "ماما",
      "description": "ماما",
      "licenseNumber": "35478",
      "address": "میدان قدس - ساختمان پزشکان کیان - طبقه 5 روبروی خان خان",
      "workingHours": "هر روز ساعت 16 تا 20",
      "phones": ["46068201"],
      "image": "🤱",
      "rating": 4.7,
      "isFeatured": false
    },
    {
      "name": "دکتر اعظم فتوحی اصلی",
      "specialty": "ماما",
      "description": "ماما",
      "licenseNumber": "م-311",
      "address": "سرقنات - خ پاسداران - نبش کوچه نقره ساختمان پزشکان دکتر صدرائی - طبقه 2",
      "workingHours": "روز های زوج ساعت 9 تا 20",
      "phones": ["46821200"],
      "image": "🤱",
      "rating": 4.8,
      "isFeatured": false
    },
    {
      "name": "دکتر ثریا رحیمی",
      "specialty": "ماما",
      "description": "ماما",
      "licenseNumber": "م-4138",
      "address": "خ طالقانی - مجتمع تجاری پدر مرکز مامایی رابین دایان",
      "workingHours": "روز های زوج ساعت 16 تا 19",
      "phones": ["46812999"],
      "image": "🤱",
      "rating": 4.6,
      "isFeatured": false
    },
    {
      "name": "دکتر حلما صفاخیل",
      "specialty": "ماما",
      "description": "ماما",
      "licenseNumber": "35317",
      "address": "خیابان عالمی-سه راه قدس-روبروی داروخانه پلاک 104 - طبقه اول",
      "workingHours": "هر روز ساعت 9 تا 13",
      "phones": ["46814594"],
      "image": "🤱",
      "rating": 4.5,
      "isFeatured": false
    },
    {
      "name": "دکتر زینب جعفری",
      "specialty": "ماما",
      "description": "ماما",
      "licenseNumber": "م-12844",
      "address": "م سرقنات - روبروی مخابرات - کوچه مهر ساختمان 110 - طبقه 2 (مطب شاهپور ملکی)",
      "workingHours": "هر روز صبح (شنبه، یکشنبه،سه شنبه،پنجشنبه) عصر (هر روز) ساعت 17 تا 20",
      "phones": ["46820072"],
      "image": "🤱",
      "rating": 4.7,
      "isFeatured": false
    },
    {
      "name": "دکتر ساناز سروش",
      "specialty": "ماما",
      "description": "ماما",
      "licenseNumber": "م-16350",
      "address": "میدان سرقنات - بلوار امام خمینی -ک رضا قلی-ساختمان فلورانس - ط4",
      "workingHours": "روز های فرد از صبح تا 8 شب - روز های زوج از ساعت 10 تا 15 عصر",
      "phones": ["46063358"],
      "image": "🤱",
      "rating": 4.8,
      "isFeatured": false
    },
    {
      "name": "دکتر شکوفه هدایتی",
      "specialty": "ماما",
      "description": "ماما",
      "licenseNumber": "1716",
      "address": "شهرقدس انتهای خ طالقانی ساختمان پاسارگاد",
      "workingHours": "شنبه یکشنبه سه شنبه چهارشنبه ساعت 16 تا 21 و دوشنبه ساعت 11 تا 14",
      "phones": ["46861711-2"],
      "image": "🤱",
      "rating": 4.7,
      "isFeatured": false
    },
    {
      "name": "دکتر شهربانو دمندان",
      "specialty": "ماما",
      "description": "ماما",
      "licenseNumber": "م-12124",
      "address": "بلوار امام حسین - روبروی سه راه انتهایی طالقانی جنب کوچه شهید گروسی پلاک 6",
      "workingHours": "شنبه تا چهارشنبه صبح ها: 9 تا 14 شنبه و چهارشنبه (عصرها: 16 تا 18",
      "phones": ["46850063"],
      "image": "🤱",
      "rating": 4.6,
      "isFeatured": false
    },
    {
      "name": "دکتر عصرآزاد علیزاده",
      "specialty": "ماما",
      "description": "ماما",
      "licenseNumber": "م-4467",
      "address": "سرقنات-کوچه جریده-ساختمان پزشکان ماهان طبقه اول واحد 4",
      "workingHours": "ساعت 10:30 تا 18",
      "phones": ["46824455"],
      "image": "🤱",
      "rating": 4.5,
      "isFeatured": false
    },
    {
      "name": "دکتر فریبا شیخ زاده",
      "specialty": "ماما",
      "description": "ماما",
      "licenseNumber": "10222",
      "address": "خ عالمی - سه راهی - سمت چپ - بعد از باباطاهر",
      "workingHours": "ساعت 7:00 تا 13:00",
      "phones": ["468504144"],
      "image": "🤱",
      "rating": 4.7,
      "isFeatured": false
    },
    {
      "name": "دکتر کبری نادری",
      "specialty": "ماما",
      "description": "ماما",
      "licenseNumber": "م-5653",
      "address": "ابتدای بلوار بهاران - جنب داروخانه دکتر صمیمی - پلاک 5",
      "workingHours": "شنبه تا چهارشنبه ساعت 8:30 تا 14:00",
      "phones": ["46887997"],
      "image": "🤱",
      "rating": 4.6,
      "isFeatured": false
    },
    {
      "name": "دکتر مریم مسلمی",
      "specialty": "ماما",
      "description": "ماما",
      "licenseNumber": "م-2799",
      "address": "بل مصلی - چهار راه مفتح - روبروی بیمارستان 12 بهمن - ساختمان ابن سینا",
      "workingHours": "هر روز (به جز پنجشنبه) ساعت 17 تا 20",
      "phones": ["46826639"],
      "image": "🤱",
      "rating": 4.8,
      "isFeatured": false
    },
    {
      "name": "دکتر مژگان معینی زاده",
      "specialty": "ماما",
      "description": "ماما",
      "licenseNumber": "1390",
      "address": "م سرقنات - ک 12 فروردین",
      "workingHours": "شنبه تا چهارشنبه صبح 10 تا 12 عصر 15:30 تا 18:30",
      "phones": ["46841168"],
      "image": "🤱",
      "rating": 4.7,
      "isFeatured": false
    },
    {
      "name": "دکتر منصوره باغ خاصی",
      "specialty": "ماما",
      "description": "ماما",
      "licenseNumber": "9670",
      "address": "میدان قدس - نبش خ چمن - جنب بانک سپه ساختمان زیتون",
      "workingHours": "روزهای زوج صبح و عصر",
      "phones": ["46844677"],
      "image": "🤱",
      "rating": 4.6,
      "isFeatured": false
    },
    {
      "name": "دکتر شبنم سازش",
      "specialty": "ماما",
      "description": "ماما",
      "licenseNumber": "12003",
      "address": "بیمارستان 12 بهمن",
      "workingHours": "هر روز ساعت 8-13",
      "phones": ["46848101"],
      "image": "🤱",
      "rating": 4.8,
      "isFeatured": false
    },
    {
      "name": "دکتر عطیه لطفی",
      "specialty": "ماما",
      "description": "ماما",
      "licenseNumber": "25734",
      "address": "قدس شهرقدس- خ امام خمینی جنب بانک ملی درمانگاه شبانه روزی برزویه",
      "workingHours": "همه روزه ساعت 11:30",
      "phones": ["46820020"],
      "image": "🤱",
      "rating": 4.5,
      "isFeatured": false
    },
    {
      "name": "دکتر مژگان قاسمی",
      "specialty": "ماما",
      "description": "ماما",
      "licenseNumber": "م-11091",
      "address": "درمانگاه ساعت - میدان 9 دی - خ ملاصدرا",
      "workingHours": "روز های زوج 11:30 الی 3",
      "phones": ["46873532"],
      "image": "🤱",
      "rating": 4.6,
      "isFeatured": false
    },
    {
      "name": "دکتر فاطمه نائمی اقدم",
      "specialty": "ماما",
      "description": "ماما",
      "licenseNumber": "14497",
      "address": "درمانگاه لادن",
      "workingHours": "روز های فرد 17-19",
      "phones": ["46883956"],
      "image": "🤱",
      "rating": 4.7,
      "isFeatured": false
    },
    {
      "name": "دکتر محبوبه محجوبیان",
      "specialty": "ماما",
      "description": "ماما",
      "licenseNumber": "36244",
      "address": "درمانگاه لادن و درمانگاه یاران",
      "workingHours": "لادن متغیر و یاران دوشنبه سه شنبه پنجشنبه صبح ها",
      "phones": ["46883955"],
      "image": "🤱",
      "rating": 4.6,
      "isFeatured": false
    },
    {
      "name": "دکتر سارا شجاعی پور",
      "specialty": "ماما",
      "description": "ماما",
      "licenseNumber": "19397",
      "address": "بلوار بهاران، روبروی مطب دکتر درویزه ادرس دوم : درمانگاه یاران",
      "workingHours": "شنبه، سه شنبه، چهارشنبه، پنجشنبه صبح ها | درمانگاه یاران: شنبه و سه شنبه صبح ها",
      "phones": ["46859764"],
      "image": "🤱",
      "rating": 4.8,
      "isFeatured": false
    },
    {
      "name": "دکتر خدیجه افشون",
      "specialty": "ماما",
      "description": "ماما",
      "licenseNumber": "43945",
      "address": "میدان ساعت - خ طالقانی - نبش کوچه میعاد بهداشت آدرس دوم: درمانگاه یزدان - 30 متری شمالی شورا",
      "workingHours": "هرروز صبح ها",
      "phones": ["46810062"],
      "image": "🤱",
      "rating": 4.7,
      "isFeatured": false
    },
    {
      "name": "دکتر نسرین صفری",
      "specialty": "ماما",
      "description": "ماما",
      "licenseNumber": "46928",
      "address": "درمانگاه یکتا",
      "workingHours": "همه روزه از ساعت 11 الی 12:30",
      "phones": ["46827322"],
      "image": "🤱",
      "rating": 4.5,
      "isFeatured": false
    },
    {
      "name": "دکتر زهرا میررضایی",
      "specialty": "ماما",
      "description": "ماما",
      "licenseNumber": "20990",
      "address": "قدس شهرقدس-سرعمارت -ساختمان پزشکان کنار مطب دکتر لسان پزشکی",
      "workingHours": "شنبه دو شنبه پنج شنبه",
      "phones": ["46849880"],
      "image": "🤱",
      "rating": 4.6,
      "isFeatured": false
    },
    {
      "name": "دکتر منصوره صادقی",
      "specialty": "ماما",
      "description": "ماما",
      "licenseNumber": "11794",
      "address": "قدس شهرقدس-م ولیعصر-20 متری ولیعصر-نبش کوچه گل یاس-ساختمان گل یاس۰۲۲",
      "workingHours": "همه روزه 9 الی 1:30",
      "phones": ["46818688"],
      "image": "🤱",
      "rating": 4.7,
      "isFeatured": false
    },
    {
      "name": "دکتر سارا محمدیان",
      "specialty": "ماما",
      "description": "ماما",
      "licenseNumber": "21479",
      "address": "قدس میدان قدس،درمانگاه 13 رجب",
      "workingHours": "روز های فرد 17 الی 19",
      "phones": ["46826713"],
      "image": "🤱",
      "rating": 4.6,
      "isFeatured": false
    },
    {
      "name": "دکتر لیلا رستمی زاهد",
      "specialty": "ماما",
      "description": "ماما",
      "licenseNumber": "53331",
      "address": "قدس شهرقدس میدان آزادی(سرقنات)خیابان آزادی،نبش خیابان سجاد پاساژ محمدی طبقه چهارم،واحد۱۶",
      "workingHours": "شنبه الی چهارشنبه از ساعت 17 الی 20",
      "phones": ["46066927"],
      "image": "🤱",
      "rating": 4.8,
      "isFeatured": false
    },
    {
      "name": "دکتر مرجان نقی زاده",
      "specialty": "ماما",
      "description": "ماما",
      "licenseNumber": "37176",
      "address": "قدس بلوار مصلی.خیابان مفتح جنوبی.پلاک222.طبقه اول",
      "workingHours": "همه روزه 11 الی 20 شب",
      "phones": ["46857540"],
      "image": "🤱",
      "rating": 4.7,
      "isFeatured": false
    },
    {
      "name": "دکتر الهام توسلی فر",
      "specialty": "ماما",
      "description": "ماما",
      "licenseNumber": "26901",
      "address": "قدس خیابان شهید جریده،کوچه شهید محمودیان،جنب عینک منصور.زیرزمین",
      "workingHours": "شنبه تا چهارشنبه -فردصبح ها-زوج عصر ها",
      "phones": ["46816830"],
      "image": "🤱",
      "rating": 4.6,
      "isFeatured": false
    },
    {
      "name": "دکتر مریم خداشناس",
      "specialty": "ماما",
      "description": "ماما",
      "licenseNumber": "20321",
      "address": "قدس میدان قدس.ابتدای کوچه پرستو.ساختمان پزشکان کیان.طبقه5.واحد15",
      "workingHours": "دوشنبه و چهارشنبه ساعت 17 - شنبه یکشنبه سه شنبه و پنجشنبه ساعت 11 الی 17",
      "phones": ["46068201"],
      "image": "🤱",
      "rating": 4.8,
      "isFeatured": false
    }
  ]
}

