{
  "doctors": [
    {
      "name": "دکتر قاسم مشهدی اسماعیل",
      "specialty": "پزشک عمومی",
      "description": "پزشک عمومی",
      "licenseNumber": "57486",
      "address": "قدس میدان آزادی ابتدای خ امام ره نبش کوچه شهید قره پلاک ۱ واحد ۱",
      "workingHours": "صبح: 10 تا 13 | عصر: 16 تا 20",
      "phones": ["02146841802", "02146855008"],
      "image": "👨‍⚕️",
      "rating": 4.8,
      "isFeatured": true
    },
    {
      "name": "دکتر محمد انصاری",
      "specialty": "پزشک عمومی",
      "description": "پزشک عمومی",
      "licenseNumber": "48746",
      "address": "تقاطع جمهوری - بلوار تولیدگران - روبروی مرکز خرید ابریشم پ 188 - ط 2",
      "workingHours": "شنبه تا چهارشنبه | ساعت 16 تا 20",
      "phones": ["02146823765"],
      "image": "👨‍⚕️",
      "rating": 4.7,
      "isFeatured": true
    },
    {
      "name": "دکتر سارا احمدی",
      "specialty": "پزشک عمومی",
      "description": "پزشک عمومی",
      "licenseNumber": "190456",
      "address": "شهرک کاووسیه،خ طالقانی،نبش کوچه شهید حاج جعفری، طبقه زیرین داروخانه دکتر برومند | آدرس دوم:درمانگاه 13 رجب | آدرس سوم :هشت متری شورا-مرکز نیمه شعبان",
      "workingHours": "یک شنبه و پنجشنبه 16 تا 20 | صبح تا 16",
      "phones": ["02146814228"],
      "image": "👩‍⚕️",
      "rating": 4.8,
      "isFeatured": true
    },
    {
      "name": "دکتر حامد اصغری",
      "specialty": "پزشک عمومی",
      "description": "پزشک عمومی",
      "licenseNumber": "117933",
      "address": "درمانگاه برزویه | آدرس دوم :درمانگاه لادن",
      "workingHours": "درمانگاه برزویه شنبه، یکشنبه، چهارشنبه عصر | درمانگاه لادن دوشنبه و جمعه | درمانگاه نیمه شعبان هر روز صبح",
      "phones": ["02146820020"],
      "image": "👨‍⚕️",
      "rating": 4.6,
      "isFeatured": false
    },
    {
      "name": "دکتر بهرام الهیاری",
      "specialty": "پزشک عمومی",
      "description": "پزشک عمومی",
      "licenseNumber": "80626",
      "address": "درمانگاه به آفرید",
      "workingHours": "دوشنبه ها 16-20",
      "phones": ["02146869349"],
      "image": "👨‍⚕️",
      "rating": 4.5,
      "isFeatured": false
    },
    {
      "name": "دکتر مهرداد محمدی",
      "specialty": "پزشک عمومی",
      "description": "پزشک عمومی",
      "licenseNumber": "21988",
      "address": "درمانگاه سام",
      "workingHours": "دو شنبه ها درمانگاه سام ساعت 16-20",
      "phones": ["02146060071", "02146060076"],
      "image": "👨‍⚕️",
      "rating": 4.6,
      "isFeatured": false
    },
    {
      "name": "دکتر مریم انتظارقائم",
      "specialty": "پزشک عمومی",
      "description": "پزشک عمومی",
      "licenseNumber": "47360",
      "address": "روبروی بیمارستان 12 بهمن-ساختمان پزشکان دی",
      "workingHours": "یکشنبه، دوشنبه، سه شنبه 17 تا 19",
      "phones": ["02146887204"],
      "image": "👩‍⚕️",
      "rating": 4.7,
      "isFeatured": false
    },
    {
      "name": "دکتر داریوش اینانلو",
      "specialty": "پزشک عمومی",
      "description": "پزشک عمومی",
      "licenseNumber": "193754",
      "address": "درمانگاه ساعت میدان 9 دی - خیابان ملاصدرا - جنب مسجدصاحب الزمان",
      "workingHours": "شنبه سه شنبه و چهارشنبه ساعت 10:30 تا 15",
      "phones": ["02146873532"],
      "image": "👨‍⚕️",
      "rating": 4.5,
      "isFeatured": false
    },
    {
      "name": "دکتر کیمیا طلا بیگی",
      "specialty": "پزشک عمومی",
      "description": "پزشک عمومی",
      "licenseNumber": "219921",
      "address": "قدس میدان مصلی کلینیک پوست و موی صدف/ درمانگاه برکه",
      "workingHours": "روز های زوج 16-20",
      "phones": ["46149171"],
      "image": "👩‍⚕️",
      "rating": 4.6,
      "isFeatured": false
    },
    {
      "name": "دکتر رؤیا احمدی",
      "specialty": "پزشک عمومی",
      "description": "پزشک عمومی",
      "licenseNumber": "75044",
      "address": "شهرقدس- بلوار 45 متری انقلاب - ابتدای خ کشاورز ساختمان رز آبی - ط 4 - واحد 2",
      "workingHours": "شنبه تا چهارشنبه 16-21",
      "phones": ["46871506", "46871508"],
      "image": "👩‍⚕️",
      "rating": 4.7,
      "isFeatured": false
    },
    {
      "name": "دکتر بابک شهسواری",
      "specialty": "پزشک عمومی",
      "description": "پزشک عمومی",
      "licenseNumber": "109927",
      "address": "شهرقدس- روبروی اتش نشانی مرکز ترک اعتیاد",
      "workingHours": "شنبه تا چهارشنبه عصر ها 16-20",
      "phones": ["46841245"],
      "image": "👨‍⚕️",
      "rating": 4.5,
      "isFeatured": false
    },
    {
      "name": "دکتر بهناز سیف الهی",
      "specialty": "پزشک عمومی",
      "description": "پزشک عمومی",
      "licenseNumber": "148245",
      "address": "شهرقدس- ساختمان فدک",
      "workingHours": "یکشنبه دو شنبه چهارشنبه",
      "phones": ["46855047"],
      "image": "👩‍⚕️",
      "rating": 4.6,
      "isFeatured": false
    },
    {
      "name": "دکتر حسین پایدار",
      "specialty": "پزشک عمومی",
      "description": "پزشک عمومی",
      "licenseNumber": "54411",
      "address": "شهرقدس-خ قدس -پ 105",
      "workingHours": "شنبه تا چهارشنبه 16-20",
      "phones": ["46849360"],
      "image": "👨‍⚕️",
      "rating": 4.7,
      "isFeatured": false
    },
    {
      "name": "دکتر محمدرضا ترابی",
      "specialty": "پزشک عمومی",
      "description": "پزشک عمومی",
      "licenseNumber": "148435",
      "address": "میدان ساعت - س ترنج - بالای جانبو - ط 3 - و 7",
      "workingHours": "ساعت 16 تا 20",
      "phones": ["46072783", "46072769"],
      "image": "👨‍⚕️",
      "rating": 4.6,
      "isFeatured": false
    },
    {
      "name": "دکتر سید صداقت تقوی تبار",
      "specialty": "پزشک عمومی",
      "description": "پزشک عمومی",
      "licenseNumber": "107120",
      "address": "قدس بیمارستان 12 بهمن",
      "workingHours": "چهارشنبه ها عصر",
      "phones": ["46848101"],
      "image": "👨‍⚕️",
      "rating": 4.5,
      "isFeatured": false
    },
    {
      "name": "دکتر علیرضا ترکمان بوترابی",
      "specialty": "پزشک عمومی",
      "description": "پزشک عمومی",
      "licenseNumber": "57998",
      "address": "شهرقدس-م قدس-درمانگاه 13 رجب",
      "workingHours": "یکشنبه و چهارشنبه 8 تا 14",
      "phones": ["46826713"],
      "image": "👨‍⚕️",
      "rating": 4.6,
      "isFeatured": false
    },
    {
      "name": "دکتر سمیرا پوریوسفی",
      "specialty": "پزشک عمومی",
      "description": "پزشک عمومی",
      "licenseNumber": "82322",
      "address": "میدان قدس-خ امام خمینی-خ ازادی- انتهای 8 متری شورا- مرکز خدمات جامع سلامت نیمه شعبان",
      "workingHours": "ساعت 8 تا13",
      "phones": [],
      "image": "👩‍⚕️",
      "rating": 4.5,
      "isFeatured": false
    },
    {
      "name": "دکتر بهنام بنابی",
      "specialty": "پزشک عمومی",
      "description": "پزشک عمومی",
      "licenseNumber": "50765",
      "address": "خیابان آزادی - خیابان طالقانی - جنب داروخانه جنب داروخانه دکتر نوروزی",
      "workingHours": "ساعت 16 تا 20",
      "phones": ["46846767"],
      "image": "👨‍⚕️",
      "rating": 4.6,
      "isFeatured": false
    },
    {
      "name": "دکتر منصور باغ خاصی",
      "specialty": "پزشک عمومی",
      "description": "پزشک عمومی",
      "licenseNumber": "44475",
      "address": "شهر قدس، بلوار مصلی جنب داروخانه دکتر احمدی، ساختمان پزشکان پاستور",
      "workingHours": "روز های دو شنبه و شنبه",
      "phones": ["46882390"],
      "image": "👨‍⚕️",
      "rating": 4.5,
      "isFeatured": false
    },
    {
      "name": "دکتر حسین پیله ور",
      "specialty": "پزشک عمومی",
      "description": "پزشک عمومی",
      "licenseNumber": "80395",
      "address": "شهرقدس شهرک کاووسیه خ طالقانی نبش کوچه شهید خاج جعفری طبقه زیرین داروخانه دکتر برومند",
      "workingHours": "",
      "phones": ["46871152"],
      "image": "👨‍⚕️",
      "rating": 4.6,
      "isFeatured": false
    },
    {
      "name": "دکتر غزاله بهمن پور",
      "specialty": "پزشک عمومی",
      "description": "پزشک عمومی",
      "licenseNumber": "181957",
      "address": "شهرقدس- بلوار شورا شمالی نرسیده به بلوارمرزبانان درمانگاه شبانه روزی یزدان",
      "workingHours": "",
      "phones": ["46810062"],
      "image": "👩‍⚕️",
      "rating": 4.5,
      "isFeatured": false
    },
    {
      "name": "دکتر علیرضا ساجدی راد",
      "specialty": "پزشک عمومی",
      "description": "پزشک عمومی",
      "licenseNumber": "106273",
      "address": "شهرقدس، بلوار مصلی درمانگاه لادن | آدرس دوم: شهر قدس ، میدان ولیعصر ، 20 متری ولیعصر ، نبش کوچه لاله درمانگاه یاران",
      "workingHours": "پنج شنبه ها درمانگاه لادن 14-20",
      "phones": ["46883955", "46859764"],
      "image": "👨‍⚕️",
      "rating": 4.7,
      "isFeatured": false
    },
    {
      "name": "دکتر حسین سلطانی",
      "specialty": "پزشک عمومی",
      "description": "پزشک عمومی",
      "licenseNumber": "54011",
      "address": "قدس، خیابان شهید عالمی، خیابان قدس، پلاک 105، طبقه همکف",
      "workingHours": "صبح ها:9:00 تا 13:00 | عصر ها:16 تا 20",
      "phones": ["46849360"],
      "image": "👨‍⚕️",
      "rating": 4.6,
      "isFeatured": false
    },
    {
      "name": "دکتر سیدعلی ساداتی لمردی",
      "specialty": "پزشک عمومی",
      "description": "پزشک عمومی",
      "licenseNumber": "195613",
      "address": "آدرس اول: قدس،شورای جنوبی،بلوار شهدا،بلوار نسترن | آدرس دوم: قدس،بلوار انقلاب بین بلوار مصلی و قائم آل محمد",
      "workingHours": "شب ها در درمانگاه داریوش روز ها در درمانگاه صداقت",
      "phones": ["46872181", "46852040"],
      "image": "👨‍⚕️",
      "rating": 4.7,
      "isFeatured": false
    },
    {
      "name": "دکتر محمد سروش",
      "specialty": "پزشک عمومی",
      "description": "پزشک عمومی",
      "licenseNumber": "41025",
      "address": "قدس، شهرقدس، میدان قدس، جنب خیابان چمن، جنب بانک سپه، ساختمان زیتون، طبقه 2",
      "workingHours": "صبح: 10:30 تا 13 عصر: 17:30 تا 20",
      "phones": ["46844677"],
      "image": "👩‍⚕️",
      "rating": 4.6,
      "isFeatured": false
    },
    {
      "name": "دکتر سامیه سجادی",
      "specialty": "پزشک عمومی",
      "description": "پزشک عمومی",
      "licenseNumber": "70087",
      "address": "شهر قدس بیمارستان 12 بهمن",
      "workingHours": "دوشنبه ها بیمارستان 12 بهمن",
      "phones": ["22006729"],
      "image": "👩‍⚕️",
      "rating": 4.5,
      "isFeatured": false
    },
    {
      "name": "دکتر ابوالفضل سلیمانیان",
      "specialty": "پزشک عمومی",
      "description": "پزشک عمومی",
      "licenseNumber": "104917",
      "address": "شهرقدس- میدان مصلی- خ آزادی- درمانگاه یکتا",
      "workingHours": "عصر شنبه تا ساعت 17",
      "phones": ["46827322"],
      "image": "👨‍⚕️",
      "rating": 4.6,
      "isFeatured": false
    },
    {
      "name": "دکتر سیما قرائتی",
      "specialty": "پزشک عمومی",
      "description": "پزشک عمومی",
      "licenseNumber": "154725",
      "address": "شهر قدس .بیمارستان 12 بهمن",
      "workingHours": "سه شنبه ها 10-13",
      "phones": ["46848101"],
      "image": "👩‍⚕️",
      "rating": 4.5,
      "isFeatured": false
    },
    {
      "name": "دکتر صالح احمدی",
      "specialty": "پزشک عمومی",
      "description": "پزشک عمومی",
      "licenseNumber": "209335",
      "address": "شهر قدسدرمانگاه یزدان",
      "workingHours": "دوشنبه ها و سه شنبه ها 8-14",
      "phones": ["46810062"],
      "image": "👨‍⚕️",
      "rating": 4.6,
      "isFeatured": false
    },
    {
      "name": "دکتر شایان اشرفی",
      "specialty": "پزشک عمومی",
      "description": "پزشک عمومی",
      "licenseNumber": "211078",
      "address": "شهر قدس بیمارستان 12 بهمن",
      "workingHours": "یکشنبه ها و سه شنبه ها صبح و عصر",
      "phones": ["46848101"],
      "image": "👩‍⚕️",
      "rating": 4.7,
      "isFeatured": false
    },
    {
      "name": "دکتر سید حسین میرشریفی",
      "specialty": "پزشک عمومی",
      "description": "پزشک عمومی",
      "licenseNumber": "۷۴۴۶۳",
      "address": "شهرقدس، بلوار مصلی روبه روی درمانگاه لادن",
      "workingHours": "هر روز از ساعت 16 تا 20",
      "phones": [],
      "image": "👨‍⚕️",
      "rating": 4.6,
      "isFeatured": false
    },
    {
      "name": "دکتر امیرعباس صدرایی",
      "specialty": "پزشک عمومی",
      "description": "پزشک عمومی",
      "licenseNumber": "44743",
      "address": "سر قنات -خ پاسداران-نبش کوچه نقره-طبقه دوم",
      "workingHours": "صبح ها: 10 تا 14 | عصر: سه شنبه، چهارشنبه، پنجشنبه 17 تا 20:30",
      "phones": ["46833200"],
      "image": "👨‍⚕️",
      "rating": 4.7,
      "isFeatured": false
    },
    {
      "name": "دکتر جهانگیر محمدی",
      "specialty": "پزشک عمومی",
      "description": "پزشک عمومی",
      "licenseNumber": "26659",
      "address": "م سرقنات خیابان عالمی - نبش کوچه مهدیه ساختمان سبحان - طبقه 1",
      "workingHours": "ساعت 9 تا 19",
      "phones": ["46894447"],
      "image": "👨‍⚕️",
      "rating": 4.6,
      "isFeatured": false
    },
    {
      "name": "دکتر سیما رهروان",
      "specialty": "پزشک عمومی",
      "description": "پزشک عمومی",
      "licenseNumber": "64387",
      "address": "بلوار انقلاب-ساختمان رز آبی ط2 واحد 3",
      "workingHours": "ساعت 10 تا 19",
      "phones": ["46871532"],
      "image": "👩‍⚕️",
      "rating": 4.5,
      "isFeatured": false
    },
    {
      "name": "دکتر نوید فرهمند",
      "specialty": "پزشک عمومی",
      "description": "پزشک عمومی",
      "licenseNumber": "128259",
      "address": "شهر قدس د رمانگاه شبانه روزی عرفان",
      "workingHours": "شنبه تا چهارشنبه",
      "phones": ["46879049"],
      "image": "👨‍⚕️",
      "rating": 4.6,
      "isFeatured": false
    },
    {
      "name": "دکتر ثریا سفیدرو",
      "specialty": "پزشک عمومی",
      "description": "پزشک عمومی",
      "licenseNumber": "209150",
      "address": "شهر قدس بلوار امام خمینی-بعد از عمارت-ساختمان شهرام-طبقه۳-واحد۱۰",
      "workingHours": "همه روزه بعد از ظهر",
      "phones": ["46890110"],
      "image": "👩‍⚕️",
      "rating": 4.5,
      "isFeatured": false
    },
    {
      "name": "دکتر کاظم نبئی",
      "specialty": "پزشک عمومی",
      "description": "پزشک عمومی",
      "licenseNumber": "32141",
      "address": "خ آزادی -خیابان طالقانی-پاساژ مهسان-طبقه اول",
      "workingHours": "هر روز عصر: 17 تا 19:30",
      "phones": ["46824999"],
      "image": "👨‍⚕️",
      "rating": 4.6,
      "isFeatured": false
    },
    {
      "name": "دکتر محمد غلامی",
      "specialty": "پزشک عمومی",
      "description": "پزشک عمومی",
      "licenseNumber": "49209",
      "address": "بلوار امام حسین-بین طالقانی و کمیته امداد پلاک 288 ساختمان پاسارگاد",
      "workingHours": "15:30تا20",
      "phones": ["46861711", "46861712"],
      "image": "👨‍⚕️",
      "rating": 4.7,
      "isFeatured": false
    },
    {
      "name": "دکتر منوچهر کریمی",
      "specialty": "پزشک عمومی",
      "description": "پزشک عمومی",
      "licenseNumber": "66649",
      "address": "قدس . سرقنات . ساختمان شهرام",
      "workingHours": "4 شنبه ها 16-20",
      "phones": [],
      "image": "👨‍⚕️",
      "rating": 4.5,
      "isFeatured": false
    },
    {
      "name": "دکتر محمدحسین صدرائی",
      "specialty": "پزشک عمومی",
      "description": "پزشک عمومی",
      "licenseNumber": "45605",
      "address": "سر قنات -خ پاسداران-نبش کوچه نقره-خ پورفیلی - بالای داروخانه چهره گشا-طبقه دوم",
      "workingHours": "شنبه و یکشنبه دوشنبه عصرها: 17 تا 20:30",
      "phones": ["46833200"],
      "image": "👨‍⚕️",
      "rating": 4.6,
      "isFeatured": false
    },
    {
      "name": "دکتر مهرداد کبیری",
      "specialty": "پزشک عمومی",
      "description": "پزشک عمومی",
      "licenseNumber": "47116",
      "address": "قدس،آزادی،بلوار کلهر،بلوار امام خمینی درمانگاه برزویه",
      "workingHours": "یکشنبه سه شنبه ها",
      "phones": ["46820020"],
      "image": "👨‍⚕️",
      "rating": 4.5,
      "isFeatured": false
    },
    {
      "name": "دکتر حمیدرضا مومنی",
      "specialty": "پزشک عمومی",
      "description": "پزشک عمومی",
      "licenseNumber": "188943",
      "address": "آدرس اول: قدس،کلهر،بلوار انقلاب،بلوار امام خمینی درمانگاه 13 رجب، آدرس دوم:قدس،شورای جنوبی،بلوار شهدا،بلوار نسترن درمانگاه داریوش، آدرس سوم:قدس،میدان امام حسین،بلوار امام حسین،خ. ولیعصر درمانگاه یاران",
      "workingHours": "13 رجب سه شنبه هاساعت:16 20 | داریوش شنبه :عصر یکشنبه ها : صبح و عصر| یاران: چهارشنبه صبح ها",
      "phones": ["46859764"],
      "image": "👨‍⚕️",
      "rating": 4.7,
      "isFeatured": false
    },
    {
      "name": "دکتر امیرحسین نوربخش",
      "specialty": "پزشک عمومی",
      "description": "پزشک عمومی",
      "licenseNumber": "182697",
      "address": "قدس،میدان مصلی،خ آزادی،خ ملاصدرا | آدرس دوم: قدس،امامزاده،بلوار جمهوری",
      "workingHours": "ساعت:8 شب تا 8 صبح",
      "phones": ["46873532"],
      "image": "👨‍⚕️",
      "rating": 4.6,
      "isFeatured": false
    },
    {
      "name": "دکتر محمدصادق فخاری",
      "specialty": "پزشک عمومی",
      "description": "پزشک عمومی",
      "licenseNumber": "206891",
      "address": "قدس،بلوار انقلاب بین بلوار مصلی و قائم آل محمد",
      "workingHours": "متغیر",
      "phones": ["46852040"],
      "image": "👨‍⚕️",
      "rating": 4.5,
      "isFeatured": false
    },
    {
      "name": "دکتر حسن طالقانی",
      "specialty": "پزشک عمومی",
      "description": "پزشک عمومی",
      "licenseNumber": "75044",
      "address": "شهر قدس درمانگاه ساعت | آدرس دوم: شهر قدس درمانگاه برزویه",
      "workingHours": "درمانگاه ساعت : همه روزه از ساعت 15-20 | درمانگاه برزویه : پنجشنبه و جمعه بعد از ظهر",
      "phones": ["46873532"],
      "image": "👨‍⚕️",
      "rating": 4.7,
      "isFeatured": false
    },
    {
      "name": "دکتر محمدصادق نیک بخت",
      "specialty": "پزشک عمومی",
      "description": "پزشک عمومی",
      "licenseNumber": "196494",
      "address": "قدس،بلوار انقلاب بین بلوار مصلی و قائم آل محمد",
      "workingHours": "پنجشنبه ها 8 صبح الی 8 شب",
      "phones": ["46074943"],
      "image": "👨‍⚕️",
      "rating": 4.6,
      "isFeatured": false
    },
    {
      "name": "دکتر طاهره خاکی",
      "specialty": "پزشک عمومی",
      "description": "پزشک عمومی",
      "licenseNumber": "172875",
      "address": "درمانگاه عشرتی - بلوار امام زاده -بعد از فرمانداری روبه روی کوچه بلبل پلاک 427-مرکز خدمات جامع سلامت شهید عشرتی",
      "workingHours": "",
      "phones": ["46820610"],
      "image": "👩‍⚕️",
      "rating": 4.5,
      "isFeatured": false
    },
    {
      "name": "دکتر علیرضا درویزه",
      "specialty": "پزشک عمومی",
      "description": "پزشک عمومی",
      "licenseNumber": "93680",
      "address": "شهرقدس-خ 20متری ولیعصر-روبه روی کوچه نوری-پلاک 208",
      "workingHours": "",
      "phones": ["46077846"],
      "image": "👨‍⚕️",
      "rating": 4.6,
      "isFeatured": false
    },
    {
      "name": "دکتر ابراهیم محمدعلی اف",
      "specialty": "پزشک عمومی",
      "description": "پزشک عمومی",
      "licenseNumber": "ات-4",
      "address": "درمانگاه گلستان (بلوار امام حسین - روبروی پارک ولیعصر - خیابان امام حسن مجتبی)",
      "workingHours": "شنبه تا چهارشنبه ساعت 8:00 تا 12:30",
      "phones": ["46888854"],
      "image": "👨‍⚕️",
      "rating": 4.5,
      "isFeatured": false
    },
    {
      "name": "دکتر ناصر کاوه پور",
      "specialty": "پزشک عمومی",
      "description": "پزشک عمومی",
      "licenseNumber": "165224",
      "address": "قدس،بلوار انقلاب،بلوار مصلی | آدرس دوم: قدس،کلهر،بلوار انقلاب،بلوار امام خمینی",
      "workingHours": "درمانگاه لادن یکشنبه بعد از ظهر | درمانگاه سیزده رجب دوشنبه و چهارشنبه بعد از ظهر ساعت : 14 تا8",
      "phones": ["46883955", "46829333"],
      "image": "👨‍⚕️",
      "rating": 4.7,
      "isFeatured": false
    },
    {
      "name": "دکتر افشین پور فهیمی",
      "specialty": "پزشک عمومی",
      "description": "پزشک عمومی",
      "licenseNumber": "41637",
      "address": "شهرقدس-بلوار45متری جنب بانک پاسارگارد",
      "workingHours": "",
      "phones": ["46871193"],
      "image": "👨‍⚕️",
      "rating": 4.5,
      "isFeatured": false
    },
    {
      "name": "دکتر مهیار ملاجعفر",
      "specialty": "پزشک عمومی",
      "description": "پزشک عمومی",
      "licenseNumber": "138469",
      "address": "بلوار انقلاب،بلوار مصلی | آدرس دوم: شهرقدس، بلوار انقلاب، بلوار امامزاده | آدرس سوم: میدان امام حسین،بلوار امام حسین،خ. ولیعصر",
      "workingHours": "دوشنبه و چهارشنبه ها ساعت 16 تا 20",
      "phones": ["46829333", "46859764", "46820610"],
      "image": "👨‍⚕️",
      "rating": 4.7,
      "isFeatured": false
    },
    {
      "name": "دکتر احسان میرشریفی",
      "specialty": "پزشک عمومی",
      "description": "پزشک عمومی",
      "licenseNumber": "198680",
      "address": "قدس،میدان امام حسین،بلوار امام حسین،خ. ولیعصر",
      "workingHours": "شنبه و 4 شنبه ساعت 20 به بعد",
      "phones": ["46859764"],
      "image": "👨‍⚕️",
      "rating": 4.6,
      "isFeatured": false
    },
    {
      "name": "دکتر مهسان قائدرحمتی",
      "specialty": "پزشک عمومی",
      "description": "پزشک عمومی",
      "licenseNumber": "136083",
      "address": "شهرقدس بلوار مصلی، بیمارستان 12 بهمن",
      "workingHours": "یکشنبه ها",
      "phones": ["46848101"],
      "image": "👩‍⚕️",
      "rating": 4.5,
      "isFeatured": false
    },
    {
      "name": "دکتر شهرزاد باستانی راد",
      "specialty": "پزشک عمومی",
      "description": "پزشک عمومی",
      "licenseNumber": "157599",
      "address": "قدس میدان قدس- ابتدای بلوار امام خمینی- ساختمان رویال ( بی بی گل سابق) -طبقه 5- واحد 9- کلینیک ارکیده",
      "workingHours": "شنبه دو شنبه چهارشنبه 16-20",
      "phones": [],
      "image": "👩‍⚕️",
      "rating": 4.6,
      "isFeatured": false
    },
    {
      "name": "دکتر امیر محمد کریمی",
      "specialty": "پزشک عمومی",
      "description": "پزشک عمومی",
      "licenseNumber": "180216",
      "address": "قدس میدان قدس- ابتدای بلوار 45 متری انقلاب درمانگاه 13 رجب | آدرس دوم: قدس میدان سرقنات ساختمان پویان طبقه 1 واحد 2",
      "workingHours": "لادن سه شنبه ها - 13 رجب شنبه ها",
      "phones": ["46888129", "46111111"],
      "image": "👨‍⚕️",
      "rating": 4.7,
      "isFeatured": false
    },
    {
      "name": "دکتر کامران دالوندی",
      "specialty": "پزشک عمومی",
      "description": "پزشک عمومی",
      "licenseNumber": "163203",
      "address": "شهرقدس- درمانگاه یاران.درمانگاه لادن",
      "workingHours": "",
      "phones": ["46859764"],
      "image": "👨‍⚕️",
      "rating": 4.5,
      "isFeatured": false
    },
    {
      "name": "دکتر علی کشاورز باقری",
      "specialty": "پزشک عمومی",
      "description": "پزشک عمومی",
      "licenseNumber": "179355",
      "address": "قدس میدان قدس.خیابان بلوار امام خمینی.روبروی مسجد جامع.پلاک 127.ساختمان مدیا.واحد15",
      "workingHours": "روز های زوج ساعت 16-20",
      "phones": ["46896407"],
      "image": "👨‍⚕️",
      "rating": 4.6,
      "isFeatured": false
    },
    {
      "name": "دکتر آناهیتا رحمتی",
      "specialty": "پزشک عمومی",
      "description": "پزشک عمومی",
      "licenseNumber": "184031",
      "address": "قدس شهرقدس،درمانگاه 13 رجب",
      "workingHours": "13 رجب روز های شنبه و 4 شنبه",
      "phones": ["46888129"],
      "image": "👩‍⚕️",
      "rating": 4.5,
      "isFeatured": false
    },
    {
      "name": "دکتر پگاه رشیدیان",
      "specialty": "پزشک عمومی",
      "description": "پزشک عمومی",
      "licenseNumber": "205129",
      "address": "شهر قدس، بلوار انقلاب، بلوار جمهوری، سه راه ابریشم، پلاک 246 | قدس درمانگاه عرفان",
      "workingHours": "درمانگاه عرفان پنجشنبه ها از صبح الی 8 شب",
      "phones": ["46879049"],
      "image": "👩‍⚕️",
      "rating": 4.7,
      "isFeatured": false
    },
    {
      "name": "دکتر شایان شکیبا مقدم",
      "specialty": "پزشک عمومی",
      "description": "پزشک عمومی",
      "licenseNumber": "216881",
      "address": "قدس . میدان قدس - درمانگاه 13 رجب",
      "workingHours": "4 شنبه ها ساعت 16",
      "phones": ["46826713"],
      "image": "👨‍⚕️",
      "rating": 4.6,
      "isFeatured": false
    },
    {
      "name": "دکتر عرفانه عابدزاده خالدی",
      "specialty": "پزشک عمومی",
      "description": "پزشک عمومی",
      "licenseNumber": "200665",
      "address": "قدس شهر قدس بلوار امام خمینی روبروی بانک کشاورزی ساختمان شهرام طبقه 4 واحد 14",
      "workingHours": "دو شنبه و چهار شنبه ساعت 16-20",
      "phones": ["46070670"],
      "image": "👩‍⚕️",
      "rating": 4.5,
      "isFeatured": false
    },
    {
      "name": "دکتر سیده الهام حسینی",
      "specialty": "پزشک عمومی",
      "description": "پزشک عمومی",
      "licenseNumber": "138754",
      "address": "قدس- میدان مصلی - بیمارستان 12 بهمن",
      "workingHours": "دوشنبه ها",
      "phones": ["46848101"],
      "image": "👩‍⚕️",
      "rating": 4.6,
      "isFeatured": false
    },
    {
      "name": "دکتر محسن انداچه",
      "specialty": "پزشک عمومی",
      "description": "پزشک عمومی",
      "licenseNumber": "211783",
      "address": "قدس-میدان مصلی - بیمارستان 12 بهمن",
      "workingHours": "یکشنبه -4 شنبه ها صبح و عصر",
      "phones": ["46848101"],
      "image": "👨‍⚕️",
      "rating": 4.7,
      "isFeatured": false
    },
    {
      "name": "دکتر مریم شهابی زید آبادی",
      "specialty": "پزشک عمومی",
      "description": "پزشک عمومی",
      "licenseNumber": "200938",
      "address": "قدس 12 بهمن | درمانگاه صداقت،45 متری روبروی بوستان آزادگان",
      "workingHours": "4 شنبه ها 8-13",
      "phones": ["46852040"],
      "image": "👩‍⚕️",
      "rating": 4.5,
      "isFeatured": false
    },
    {
      "name": "دکتر بهروز نوری زاده سلوط",
      "specialty": "پزشک عمومی",
      "description": "پزشک عمومی",
      "licenseNumber": "43639",
      "address": "قدس شهرقدس- بیمارستان 12 بهمن",
      "workingHours": "7:30-13:30",
      "phones": ["46848101"],
      "image": "👨‍⚕️",
      "rating": 4.6,
      "isFeatured": false
    },
    {
      "name": "دکتر آرزو فلاحت کار",
      "specialty": "پزشک عمومی",
      "description": "پزشک عمومی",
      "licenseNumber": "192436",
      "address": "قدس بیمارستان سردار سلیمانی|سرقنات درمانگاه برزویه",
      "workingHours": "پنجشنبه ها 13:30-19:30",
      "phones": ["46149171"],
      "image": "👩‍⚕️",
      "rating": 4.5,
      "isFeatured": false
    },
    {
      "name": "دکتر مهدی غلامی",
      "specialty": "پزشک عمومی",
      "description": "پزشک عمومی",
      "licenseNumber": "178688",
      "address": "قدس بلوار مصلی، بیمارستان ١٢ بهمن",
      "workingHours": "یکشنبه ها",
      "phones": ["46848101"],
      "image": "👨‍⚕️",
      "rating": 4.6,
      "isFeatured": false
    },
    {
      "name": "دکتر آباریس نیک نفس",
      "specialty": "پزشک عمومی",
      "description": "پزشک عمومی",
      "licenseNumber": "128846",
      "address": "قدس - میدان مصلی - بیمارستان 12 بهمن",
      "workingHours": "4 شنبه ها 8-13",
      "phones": ["46848101"],
      "image": "👨‍⚕️",
      "rating": 4.5,
      "isFeatured": false
    },
    {
      "name": "دکتر بامداد میراب زاده اردکانی",
      "specialty": "پزشک عمومی",
      "description": "پزشک عمومی",
      "licenseNumber": "190854",
      "address": "قدس درمانگاه مهرشاد",
      "workingHours": "یکشنبه و سه شنبه ها 14-19",
      "phones": ["46810062"],
      "image": "👨‍⚕️",
      "rating": 4.7,
      "isFeatured": false
    },
    {
      "name": "دکتر علی محمد رمضانخانی",
      "specialty": "پزشک عمومی",
      "description": "پزشک عمومی",
      "licenseNumber": "45358",
      "address": "قدس شهرقدس-م ولیعصر-ابتدای 20متری ولیعصر-کوچه هویزه،پ15",
      "workingHours": "همه روزه از ساعت 10 صبح الی 13:30 و از ساعت 17 الی 21",
      "phones": ["46811681"],
      "image": "👨‍⚕️",
      "rating": 4.8,
      "isFeatured": false
    },
    {
      "name": "دکتر علی سرابادانی",
      "specialty": "پزشک عمومی",
      "description": "پزشک عمومی",
      "licenseNumber": "205802",
      "address": "قدس درمانگاه برزویه",
      "workingHours": "چهارشنبه شب ها و جمعه شب ها",
      "phones": ["46878284"],
      "image": "👨‍⚕️",
      "rating": 4.6,
      "isFeatured": false
    },
    {
      "name": "دکتر مهرشاد حجازی",
      "specialty": "پزشک عمومی",
      "description": "پزشک عمومی",
      "licenseNumber": "63199",
      "address": "قدس تهران، قدس، بلورا امام خمینی، پلاک 133، واحد 1",
      "workingHours": "چهارشنبه ها 16-20",
      "phones": ["46830042", "46839881"],
      "image": "👨‍⚕️",
      "rating": 4.7,
      "isFeatured": false
    },
    {
      "name": "دکتر احسان کریمی نمچ",
      "specialty": "پزشک عمومی",
      "description": "پزشک عمومی",
      "licenseNumber": "190816",
      "address": "قدس درمانگاه ساعت - شهر قدس میدان امام حسین بلوار 30متری پایین نبش خیابان استقلال کوچه گلستان پلاک 18",
      "workingHours": "درمانگاه ساعت شنبه الی پنجشنبه",
      "phones": ["46836138"],
      "image": "👨‍⚕️",
      "rating": 4.6,
      "isFeatured": false
    },
    {
      "name": "دکتر ابراهیم علی پور لیمائی",
      "specialty": "پزشک عمومی",
      "description": "پزشک عمومی",
      "licenseNumber": "212454",
      "address": "قدس خیابان آزادی، خیابان طالقانی، جنب داروخانه شبانه روزی رازی، پلاک ٢٢٠",
      "workingHours": "یکشنبه و سه شنبه ها 16-20",
      "phones": ["46865626"],
      "image": "👨‍⚕️",
      "rating": 4.5,
      "isFeatured": false
    },
    {
      "name": "دکتر حجت قلی پور",
      "specialty": "پزشک عمومی",
      "description": "پزشک عمومی",
      "licenseNumber": "200569",
      "address": "قدس میدان 9دی،ساختمان ترنج،طبقه سوم،واحد9",
      "workingHours": "شنبه تا چهارشنبه 16-20",
      "phones": ["46875323"],
      "image": "👨‍⚕️",
      "rating": 4.6,
      "isFeatured": false
    },
    {
      "name": "دکتر نگار شعبانزاده",
      "specialty": "پزشک عمومی",
      "description": "پزشک عمومی",
      "licenseNumber": "175252",
      "address": "قدس شهر قدس بلوار مصلی درمانگاه شبانه روزی 13رجب",
      "workingHours": "16الی 19:30",
      "phones": ["46829333"],
      "image": "👩‍⚕️",
      "rating": 4.5,
      "isFeatured": false
    },
    {
      "name": "دکتر وحید خلیلی",
      "specialty": "پزشک عمومی",
      "description": "پزشک عمومی",
      "licenseNumber": "125936",
      "address": "قدس- مصلی - بیمارستان 12 بهمن",
      "workingHours": "یکشنبه دوشنبه سه شنبه8-12",
      "phones": ["46848101"],
      "image": "👨‍⚕️",
      "rating": 4.6,
      "isFeatured": false
    },
    {
      "name": "دکتر امیر رضا مومنی روستائی",
      "specialty": "پزشک عمومی",
      "description": "پزشک عمومی",
      "licenseNumber": "202035",
      "address": "درمانگاه رجب شهر قدس",
      "workingHours": "سه شنبه ها عصروشب",
      "phones": ["46859764"],
      "image": "👨‍⚕️",
      "rating": 4.7,
      "isFeatured": false
    },
    {
      "name": "دکتر مهسا موسوی فرد",
      "specialty": "پزشک عمومی",
      "description": "پزشک عمومی",
      "licenseNumber": "209153",
      "address": "قدس بلوار تولید گران ساختمان پزشکان ابریشم",
      "workingHours": "یک شنبه دو شنبه سه شنبه 16 - 20",
      "phones": [],
      "image": "👩‍⚕️",
      "rating": 4.5,
      "isFeatured": false
    },
    {
      "name": "دکتر سید احمد حسینی",
      "specialty": "پزشک عمومی",
      "description": "پزشک عمومی",
      "licenseNumber": "199148",
      "address": "قدس تهران - شهرقدس - میدان ساعت - ابتدای خیابان ملاصدرا - جنب مسجد صاحب الزمان - درمانگاه ساعت",
      "workingHours": "شنبه ها",
      "phones": ["46873532"],
      "image": "👨‍⚕️",
      "rating": 4.6,
      "isFeatured": false
    },
    {
      "name": "دکتر محمد رضا رفیعی کشتلی",
      "specialty": "پزشک عمومی",
      "description": "پزشک عمومی",
      "licenseNumber": "92199",
      "address": "قدس شهر قدس- میدان مصلی- درمانگاه لادن",
      "workingHours": "هر صبح شنبه الی چهارشنبه 8-14",
      "phones": ["46883955"],
      "image": "👨‍⚕️",
      "rating": 4.7,
      "isFeatured": false
    },
    {
      "name": "دکتر کیارش محمدی خراسانی",
      "specialty": "پزشک عمومی",
      "description": "پزشک عمومی",
      "licenseNumber": "192332",
      "address": "قدس درمانگاه 13 رجب",
      "workingHours": "ساعت 18",
      "phones": ["46829333"],
      "image": "👨‍⚕️",
      "rating": 4.6,
      "isFeatured": false
    },
    {
      "name": "دکتر رضوان قاسمی پور",
      "specialty": "پزشک عمومی",
      "description": "پزشک عمومی",
      "licenseNumber": "87913",
      "address": "قدس درمانگاه یکتا - مدان ساعت.بلوار شهید اصغری.کوچه علامه مجلسی.مرکز جامع سلامت امام خمینی.مرکز مشاوره بیماریهای رفتاری",
      "workingHours": "درمانگاه یکتا دوشنبه ها",
      "phones": ["46831025", "46827322"],
      "image": "👨‍⚕️",
      "rating": 4.5,
      "isFeatured": false
    },
    {
      "name": "دکتر سوسن نهاوندی",
      "specialty": "پزشک عمومی",
      "description": "پزشک عمومی",
      "licenseNumber": "165674",
      "address": "تهران شهر قدس بلوار مصلی بیمارستان تامین اجتماعی ۱۲ بهمن",
      "workingHours": "یکشنبه10-14",
      "phones": ["46848101"],
      "image": "👩‍⚕️",
      "rating": 4.6,
      "isFeatured": false
    },
    {
      "name": "دکتر علیرضا غلامی",
      "specialty": "پزشک عمومی",
      "description": "پزشک عمومی",
      "licenseNumber": "164035",
      "address": "قدس - میدان مصلی - بیمارستان 12 بهمن",
      "workingHours": "دوشنبه ها",
      "phones": ["46848101"],
      "image": "👨‍⚕️",
      "rating": 4.5,
      "isFeatured": false
    },
    {
      "name": "دکتر ترانه سادات تقوی",
      "specialty": "پزشک عمومی",
      "description": "پزشک عمومی",
      "licenseNumber": "211323",
      "address": "قدس بیمارستان 12 بهمن",
      "workingHours": "شنبه ها",
      "phones": ["46848101"],
      "image": "👩‍⚕️",
      "rating": 4.7,
      "isFeatured": false
    },
    {
      "name": "دکتر محمود حداد",
      "specialty": "پزشک عمومی",
      "description": "پزشک عمومی",
      "licenseNumber": "38291",
      "address": "قدس - میدان مصلی - بیمارستان 12 بهمن",
      "workingHours": "شنبه ها دوشنبه ها 7:30-13:30",
      "phones": ["46848101"],
      "image": "👨‍⚕️",
      "rating": 4.6,
      "isFeatured": false
    },
    {
      "name": "دکتر امیر محسن رضا پور",
      "specialty": "پزشک عمومی",
      "description": "پزشک عمومی",
      "licenseNumber": "70409",
      "address": "قدس 20 متری ولیعصر.جنب کوچه لاله.پ188",
      "workingHours": "درمانگاه لادن سه شنبه ها 13:30-20",
      "phones": ["46859764"],
      "image": "👨‍⚕️",
      "rating": 4.7,
      "isFeatured": false
    },
    {
      "name": "دکتر علی نجابتی",
      "specialty": "پزشک عمومی",
      "description": "پزشک عمومی",
      "licenseNumber": "191027",
      "address": "قدس درمانگاه یکتا",
      "workingHours": "عصر پنجشنبه ها و شنبه ها",
      "phones": ["46827322"],
      "image": "👨‍⚕️",
      "rating": 4.5,
      "isFeatured": false
    },
    {
      "name": "دکتر کریم کهنسال واجارگاه",
      "specialty": "پزشک عمومی",
      "description": "پزشک عمومی",
      "licenseNumber": "199866",
      "address": "قدس میدان قدس(سابق)، بلوار امام خمینی، مجتمع تجاری اداری والفجر درمانگاه به آفرید",
      "workingHours": "دوشنبه ها عصر 14-21",
      "phones": ["46839075"],
      "image": "👨‍⚕️",
      "rating": 4.6,
      "isFeatured": false
    },
    {
      "name": "دکتر غزال شهرکی",
      "specialty": "پزشک عمومی",
      "description": "پزشک عمومی",
      "licenseNumber": "197333",
      "address": "قدس - میدان مصلی - بیمارستان 12 بهمن",
      "workingHours": "سه شنبه ها 8-13",
      "phones": ["46848101"],
      "image": "👩‍⚕️",
      "rating": 4.5,
      "isFeatured": false
    },
    {
      "name": "دکتر مسعود لاجوردی",
      "specialty": "پزشک عمومی",
      "description": "پزشک عمومی",
      "licenseNumber": "94032",
      "address": "قدس خ آزادی،جنب خ سجاد،ساختمان ترنج،طبقه اول",
      "workingHours": "دوشنبه ها",
      "phones": ["46843179"],
      "image": "👨‍⚕️",
      "rating": 4.6,
      "isFeatured": false
    },
    {
      "name": "دکتر احمد نیک بخت",
      "specialty": "پزشک عمومی",
      "description": "پزشک عمومی",
      "licenseNumber": "202056",
      "address": "قدس شهر قدس-درمانگاه لادن",
      "workingHours": "شنبه ها 14-20",
      "phones": ["46829333"],
      "image": "👨‍⚕️",
      "rating": 4.7,
      "isFeatured": false
    },
    {
      "name": "دکتر سوده خلیلی ماهانی",
      "specialty": "پزشک عمومی",
      "description": "پزشک عمومی",
      "licenseNumber": "113494",
      "address": "قدس - بیمارستان سردار سلیمانی",
      "workingHours": "صبح ها",
      "phones": ["02145942"],
      "image": "👩‍⚕️",
      "rating": 4.5,
      "isFeatured": false
    },
    {
      "name": "دکتر یگانه میرزائی",
      "specialty": "پزشک عمومی",
      "description": "پزشک عمومی",
      "licenseNumber": "212597",
      "address": "استان تهران ، شهرستان قدس ، بخش مرکزی ، شهر قدس ، میدان آزادی (سر قنات )بلوار امام خمینی ، پلاک 252 ، مجتمع آسمان ، طبقه ی اول",
      "workingHours": "هر روز 16-20",
      "phones": ["46061572"],
      "image": "👩‍⚕️",
      "rating": 4.6,
      "isFeatured": false
    },
    {
      "name": "دکتر محمد صادق کاظمی",
      "specialty": "پزشک عمومی",
      "description": "پزشک عمومی",
      "licenseNumber": "196613",
      "address": "قدس - درمانگاه 13 رجب",
      "workingHours": "شنبه و سه شنبه ها",
      "phones": ["46826713"],
      "image": "👨‍⚕️",
      "rating": 4.7,
      "isFeatured": false
    },
    {
      "name": "دکتر رسول طالبی",
      "specialty": "پزشک عمومی",
      "description": "پزشک عمومی",
      "licenseNumber": "72458",
      "address": "شهرقدس- درمانگاه برزویه",
      "workingHours": "شنبه دو شنبه پنجشنبه 7:30-13:30",
      "phones": ["23820020"],
      "image": "👨‍⚕️",
      "rating": 4.5,
      "isFeatured": false
    },
    {
      "name": "دکتر طاهر عرفانی فام",
      "specialty": "پزشک عمومی",
      "description": "پزشک عمومی",
      "licenseNumber": "75078",
      "address": "قدس بیمارستان 12 بهمن",
      "workingHours": "سه شنبه یکشنبه9-13",
      "phones": ["46848101"],
      "image": "👨‍⚕️",
      "rating": 4.6,
      "isFeatured": false
    },
    {
      "name": "دکتر ارزو غفاری",
      "specialty": "پزشک عمومی",
      "description": "پزشک عمومی",
      "licenseNumber": "149182",
      "address": "قدس بیمارستان 12 بهمن",
      "workingHours": "دوشنبه ها 8-12",
      "phones": ["46848101"],
      "image": "👩‍⚕️",
      "rating": 4.5,
      "isFeatured": false
    },
    {
      "name": "دکتر احسان رازقی",
      "specialty": "پزشک عمومی",
      "description": "پزشک عمومی",
      "licenseNumber": "209013",
      "address": "قدس بلوار انقلاب - بلوار جمهوری - نرسیده به سه راه ابریشم درمانگاه عرفان",
      "workingHours": "شنبه و دوشنبه 16-20",
      "phones": ["46879049"],
      "image": "👨‍⚕️",
      "rating": 4.7,
      "isFeatured": false
    },
    {
      "name": "دکتر شیما محمد حسینی طرقی",
      "specialty": "پزشک عمومی",
      "description": "پزشک عمومی",
      "licenseNumber": "179534",
      "address": "قدس شهرقدس- خیابان آزادی - نبش کوچه سجادپور - پلاک 264- درمانگاه یکتا",
      "workingHours": "4 شنبه ها از ساعت 14 الی 8 صبح پنجشنبه",
      "phones": ["46827322"],
      "image": "👩‍⚕️",
      "rating": 4.6,
      "isFeatured": false
    },
    {
      "name": "دکتر امیر مرادی",
      "specialty": "پزشک عمومی",
      "description": "پزشک عمومی",
      "licenseNumber": "190585",
      "address": "قدس درانگاه شبانه روزی ساعت",
      "workingHours": "14-20",
      "phones": ["46873532"],
      "image": "👨‍⚕️",
      "rating": 4.5,
      "isFeatured": false
    },
    {
      "name": "دکتر مشکان پور ملک آراء",
      "specialty": "پزشک عمومی",
      "description": "پزشک عمومی",
      "licenseNumber": "49409",
      "address": "شهر قدس مجتمع پزشکان ماهان",
      "workingHours": "شنبه الی 4 شنبه از ساعت 17-20",
      "phones": ["46845343"],
      "image": "👨‍⚕️",
      "rating": 4.7,
      "isFeatured": false
    },
    {
      "name": "دکتر حسن صمیمی",
      "specialty": "پزشک عمومی",
      "description": "پزشک عمومی",
      "licenseNumber": "77973",
      "address": "قدس شهر قدس- سرخه حصار- ابتدای بلوار بهاران- پلاک 12",
      "workingHours": "شنبه تا چهارشنبه 10:30 الی 13:00 از ساعت17:00 الی 21:00",
      "phones": ["46887998"],
      "image": "👨‍⚕️",
      "rating": 4.8,
      "isFeatured": false
    },
    {
      "name": "دکتر فاطمه طاهری",
      "specialty": "پزشک عمومی",
      "description": "پزشک عمومی",
      "licenseNumber": "207827",
      "address": "قدس - درمانگاه برکه",
      "workingHours": "روز های زوج",
      "phones": ["46841307"],
      "image": "👩‍⚕️",
      "rating": 4.5,
      "isFeatured": false
    },
    {
      "name": "دکتر فرزاد شیخ زاده",
      "specialty": "پزشک عمومی",
      "description": "پزشک عمومی",
      "licenseNumber": "207915",
      "address": "شهر قدس - بلوار امام زاده - خیابان مدافعین سلامت-بیمارستان سردار سلیمانی -قسمت سرپایی اورژانس",
      "workingHours": "دوشنبه ها",
      "phones": ["45942"],
      "image": "👨‍⚕️",
      "rating": 4.6,
      "isFeatured": false
    },
    {
      "name": "دکتر هدیه احمدیان",
      "specialty": "پزشک عمومی",
      "description": "پزشک عمومی",
      "licenseNumber": "176051",
      "address": "شهرقدس،سرقنات روبروی بانک ملی ساختمان سیلور طبقه چهارم",
      "workingHours": "روز های زوج 14-20",
      "phones": ["46847402"],
      "image": "👩‍⚕️",
      "rating": 4.7,
      "isFeatured": false
    },
    {
      "name": "دکتر محمد انصاری چشمه",
      "specialty": "پزشک عمومی",
      "description": "پزشک عمومی",
      "licenseNumber": "48746",
      "address": "قدس -بلوار جمهوری - سراهی تولیدگران -روبروی مرکز خرید ابریشم پلاک 188- ط 2",
      "workingHours": "8 الی 16 به جز پنجشنبه ها",
      "phones": ["46823765"],
      "image": "👨‍⚕️",
      "rating": 4.6,
      "isFeatured": false
    }
  ]
}
