{
  "doctors": [
    {
      "name": "دکتر امیرناصر سادات مرعشی",
      "specialty": "پزشک متخصص ارتوپد",
      "description": "پزشک متخصص ارتوپد",
      "licenseNumber": "14224",
      "address": "م سرقنات - بلوار امام خمینی - کوچه حبیبی جنب داروخانه رستمی - ساختمان مهدیه - ط4 و 12",
      "workingHours": "شنبه و سه شنبه ساعت 14:30 تا 20",
      "phones": ["46883412", "46883099"],
      "image": "🦴",
      "rating": 4.8,
      "isFeatured": false
    },
    {
      "name": "دکتر احمدعلی گل آقایی",
      "specialty": "پزشک متخصص ارتوپد",
      "description": "پزشک متخصص ارتوپد",
      "licenseNumber": "64362",
      "address": "میدان قدس - بن بست پرستو -بین قنادی بی بی گل و میدان قدس - پلاک 1 واحد 2",
      "workingHours": "15تا22",
      "phones": ["46851514", "46870707", "46870708", "46868557"],
      "image": "🦴",
      "rating": 4.7,
      "isFeatured": false
    },
    {
      "name": "دکتر دانیال کیانی",
      "specialty": "پزشک متخصص ارتوپد",
      "description": "پزشک متخصص ارتوپد",
      "licenseNumber": "131127",
      "address": "بیمارستان سردار سلیمانی",
      "workingHours": "شنبه و سه شنبه ها ساعت 8 - 10",
      "phones": ["46149171"],
      "image": "🦴",
      "rating": 4.6,
      "isFeatured": false
    },
    {
      "name": "دکتر سعید ابوالحسنی",
      "specialty": "پزشک متخصص ارتوپد",
      "description": "پزشک متخصص ارتوپد",
      "licenseNumber": "84181",
      "address": "میدان سرقنات - ساختمان پزشکان ماهان-طبقه دوم",
      "workingHours": "یکشنبه و سه شنبه ساعت 13 تا 16:30",
      "phones": ["46886030"],
      "image": "🦴",
      "rating": 4.7,
      "isFeatured": false
    },
    {
      "name": "دکتر هادی قطبی",
      "specialty": "پزشک متخصص ارتوپد",
      "description": "پزشک متخصص ارتوپد",
      "licenseNumber": "107611",
      "address": "ساختمان مجموعه زندگی-میدان قدس",
      "workingHours": "سه شنبه و جمعه عصر:16 تا 20",
      "phones": ["46840005"],
      "image": "🦴",
      "rating": 4.6,
      "isFeatured": false
    },
    {
      "name": "دکتر احمد طاهری",
      "specialty": "پزشک متخصص ارتوپد",
      "description": "پزشک متخصص ارتوپد",
      "licenseNumber": "68302",
      "address": "بیمارستان سردار سلیمانی + به آفرید",
      "workingHours": "همه روزه 14-20",
      "phones": ["46149171"],
      "image": "🦴",
      "rating": 4.8,
      "isFeatured": false
    },
    {
      "name": "دکتر محمد احمدی",
      "specialty": "پزشک متخصص ارتوپد",
      "description": "پزشک متخصص ارتوپد",
      "licenseNumber": "126963",
      "address": "قدس - بیمارستان سردار سلیمانی",
      "workingHours": "دوشنبه ها 8-12",
      "phones": ["46149171", "45942"],
      "image": "🦴",
      "rating": 4.7,
      "isFeatured": false
    },
    {
      "name": "دکتر ایمان عزیزپور",
      "specialty": "پزشک متخصص ارتوپد",
      "description": "پزشک متخصص ارتوپد",
      "licenseNumber": "147480",
      "address": "قدس - بیمارستان سردار سلیمانی",
      "workingHours": "شنبه ها و چهارشنبه ها",
      "phones": ["45942"],
      "image": "🦴",
      "rating": 4.6,
      "isFeatured": false
    },
    {
      "name": "دکتر رسول شیر محمدی",
      "specialty": "پزشک متخصص ارتوپد",
      "description": "پزشک متخصص ارتوپد",
      "licenseNumber": "170574",
      "address": "قدس - 12 بهمن",
      "workingHours": "یکشنبه چهارشنبه صبح ها",
      "phones": ["46848101"],
      "image": "🦴",
      "rating": 4.7,
      "isFeatured": false
    },
    {
      "name": "دکتر مهرداد قبادی",
      "specialty": "پزشک متخصص ارتوپد",
      "description": "پزشک متخصص ارتوپد",
      "licenseNumber": "141244",
      "address": "شهر قدس بلوار مصلی بیمارستان 12 بهمن",
      "workingHours": "دو شنبه و سه شنبه ها ساعت صبح و عصر",
      "phones": ["46848101"],
      "image": "🦴",
      "rating": 4.8,
      "isFeatured": false
    },
    {
      "name": "دکتر مژده چینی گر زاده",
      "specialty": "پزشک متخصص ارتوپد",
      "description": "پزشک متخصص ارتوپد",
      "licenseNumber": "97996",
      "address": "45 متری انقلاب جنب امام حسین دارو خانه دکتر عادل خمینی طبقه اول",
      "workingHours": "شنبه الی سه شنبه از ساعت 17 الی 20",
      "phones": [],
      "image": "🦴",
      "rating": 4.5,
      "isFeatured": false
    },
    {
      "name": "دکتر حسین ظهوری",
      "specialty": "پزشک متخصص ارتوپد",
      "description": "پزشک متخصص ارتوپد",
      "licenseNumber": "141455",
      "address": "بیمارستان 12 بهمن",
      "workingHours": "یکشنبه و سه شنبه صبح و عصر",
      "phones": ["46848101"],
      "image": "🦴",
      "rating": 4.7,
      "isFeatured": false
    }
  ]
}

