{
  "doctors": [
    {
      "name": "دکتر منعم رشدی",
      "specialty": "پزشک متخصص اورولوژی",
      "description": "پزشک متخصص اورولوژی",
      "licenseNumber": "133744",
      "address": "بلوار مصلی، رو به روی بیمارستان 12 بهمن، ساختمان پزشکان دی",
      "workingHours": "یکشنبه و سه شنبه ساعت 17 تا 20",
      "phones": ["468287204"],
      "image": "🔬",
      "rating": 4.8,
      "isFeatured": false
    },
    {
      "name": "دکتر بهزاد نجمی",
      "specialty": "پزشک متخصص اورولوژی",
      "description": "پزشک متخصص اورولوژی",
      "licenseNumber": "54244",
      "address": "م سرقنات - بلوار امام خمینی - کوچه حبیبی جنب داروخانه رستمی - ساختمان مهدیه - ط 4",
      "workingHours": "سه شنبه ساعت 17 تا 20",
      "phones": ["46803403"],
      "image": "🔬",
      "rating": 4.7,
      "isFeatured": false
    },
    {
      "name": "دکتر یاسین ذاکری",
      "specialty": "پزشک متخصص اورولوژی",
      "description": "پزشک متخصص اورولوژی",
      "licenseNumber": "54244",
      "address": "شهر قدس میدان مصلی درمانگاه لادن روز های یکشنبه از ساعت 17-21",
      "workingHours": "یکشنبه ها از ساعت 17-21",
      "phones": ["46883955"],
      "image": "🔬",
      "rating": 4.6,
      "isFeatured": false
    },
    {
      "name": "دکتر چنگیز ناصری",
      "specialty": "پزشک متخصص اورولوژی",
      "description": "پزشک متخصص اورولوژی",
      "licenseNumber": "59334",
      "address": "میدان قدس جنب داروخانه دکتر بن - ساختمان کیان-ط 3- واحد3 ادرس دوم :بیمارستان سردار سلیمانی",
      "workingHours": "شنبه تا چهارشنبه ساعت:16 تا20",
      "phones": ["46828536"],
      "image": "🔬",
      "rating": 4.8,
      "isFeatured": false
    },
    {
      "name": "دکتر نادر جوانبخت",
      "specialty": "پزشک متخصص اورولوژی",
      "description": "پزشک متخصص اورولوژی",
      "licenseNumber": "46324",
      "address": "میدان قدس بیمارستان 12 بهمن",
      "workingHours": "یکشنبه ها",
      "phones": ["46848101"],
      "image": "🔬",
      "rating": 4.7,
      "isFeatured": false
    }
  ]
}

